Workbook

Sheet all_feats_500ns
A1: name | B1: ID | C1: Group | D1: Label | E1: Binder_score | F1: Sequence | G1: Gate mean (A) | H1: Gate SD (A) | I1: Latch mean (A) | J1: Latch SD (A) | K1: Lb7a5 mean (A) | L1: Lb7a5 SD (A) | M1: Recoil mean (A) | N1: Recoil SD (A) | O1: Gate-latch mean (A) | P1: Gate-latch SD (A) | Q1: Closed % (<9.5 A) | R1: Open % (>11.5 A) | S1: Intermediate % | T1: R_58 | U1: R_59 | V1: R_62 | W1: R_83 | X1: R_87 | Y1: R_88 | Z1: R_89 | AA1: R_92 | AB1: R_110 | AC1: R_115 | AD1: R_116 | AE1: R_117 | AF1: R_120 | AG1: R_122 | AH1: R_159 | AI1: R_160 | AJ1: R_163 | AK1: R_164 | AL1: D_30 | AM1: W_30 | AN1: D_32 | AO1: W_32 | AP1: D_33 | AQ1: W_33 | AR1: D_34 | AS1: W_34 | AT1: D_36 | AU1: W_36 | AV1: D_46 | AW1: W_46 | AX1: D_48 | AY1: W_48 | AZ1: D_49 | BA1: W_49 | BB1: D_50 | BC1: W_50 | BD1: D_51 | BE1: W_51 | BF1: D_52 | BG1: W_52 | BH1: D_53 | BI1: W_53 | BJ1: D_54 | BK1: W_54 | BL1: D_55 | BM1: W_55 | BN1: D_56 | BO1: W_56 | BP1: D_57 | BQ1: W_57 | BR1: D_58 | BS1: W_58 | BT1: D_59 | BU1: W_59 | BV1: D_60 | BW1: W_60 | BX1: D_61 | BY1: W_61 | BZ1: D_62 | CA1: W_62 | CB1: D_64 | CC1: W_64 | CD1: D_65 | CE1: W_65 | CF1: D_66 | CG1: W_66 | CH1: D_67 | CI1: W_67 | CJ1: D_71 | CK1: W_71 | CL1: D_73 | CM1: W_73 | CN1: D_76 | CO1: W_76 | CP1: D_77 | CQ1: W_77 | CR1: D_78 | CS1: W_78 | CT1: D_79 | CU1: W_79 | CV1: D_80 | CW1: W_80 | CX1: D_81 | CY1: W_81 | CZ1: D_82 | DA1: W_82 | DB1: D_83 | DC1: W_83 | DD1: D_84 | DE1: W_84 | DF1: D_85 | DG1: W_85 | DH1: D_86 | DI1: W_86 | DJ1: D_87 | DK1: W_87 | DL1: D_88 | DM1: W_88 | DN1: D_89 | DO1: W_89 | DP1: D_90 | DQ1: W_90 | DR1: D_91 | DS1: W_91 | DT1: D_92 | DU1: W_92 | DV1: D_93 | DW1: W_93 | DX1: D_94 | DY1: W_94 | DZ1: D_95 | EA1: W_95 | EB1: D_96 | EC1: W_96 | ED1: D_97 | EE1: W_97 | EF1: D_98 | EG1: W_98 | EH1: D_99 | EI1: W_99 | EJ1: D_105 | EK1: W_105 | EL1: D_106 | EM1: W_106 | EN1: D_107 | EO1: W_107 | EP1: D_108 | EQ1: W_108 | ER1: D_109 | ES1: W_109 | ET1: D_110 | EU1: W_110 | EV1: D_111 | EW1: W_111 | EX1: D_112 | EY1: W_112 | EZ1: D_113 | FA1: W_113 | FB1: D_114 | FC1: W_114 | FD1: D_115 | FE1: W_115 | FF1: D_116 | FG1: W_116 | FH1: D_117 | FI1: W_117 | FJ1: D_118 | FK1: W_118 | FL1: D_119 | FM1: W_119 | FN1: D_120 | FO1: W_120 | FP1: D_121 | FQ1: W_121 | FR1: D_122 | FS1: W_122 | FT1: D_123 | FU1: W_123 | FV1: D_124 | FW1: W_124 | FX1: D_125 | FY1: W_125 | FZ1: D_126 | GA1: W_126 | GB1: D_139 | GC1: W_139 | GD1: D_140 | GE1: W_140 | GF1: D_141 | GG1: W_141 | GH1: D_142 | GI1: W_142 | GJ1: D_143 | GK1: W_143 | GL1: D_144 | GM1: W_144 | GN1: D_145 | GO1: W_145 | GP1: D_146 | GQ1: W_146 | GR1: D_147 | GS1: W_147 | GT1: D_148 | GU1: W_148 | GV1: D_149 | GW1: W_149 | GX1: D_150 | GY1: W_150 | GZ1: D_151 | HA1: W_151 | HB1: D_152 | HC1: W_152 | HD1: D_154 | HE1: W_154 | HF1: D_155 | HG1: W_155 | HH1: D_156 | HI1: W_156 | HJ1: D_157 | HK1: W_157 | HL1: D_158 | HM1: W_158 | HN1: D_159 | HO1: W_159 | HP1: D_160 | HQ1: W_160 | HR1: D_161 | HS1: W_161 | HT1: D_162 | HU1: W_162 | HV1: D_163 | HW1: W_163 | HX1: D_164 | HY1: W_164 | HZ1: D_165 | IA1: W_165 | IB1: D_166 | IC1: W_166 | ID1: D_167 | IE1: W_167 | IF1: D_168 | IG1: W_168 | IH1: D_169 | II1: W_169 | IJ1: D_170 | IK1: W_170 | IL1: D_171 | IM1: W_171 | IN1: D_173 | IO1: W_173 | IP1: D_174 | IQ1: W_174 | IR1: pocket_vol_mean | IS1: pocket_vol_std | IT1: pocket_vol_closed_frac | IU1: mean_n_hydrophobic | IV1: std_n_hydrophobic | IW1: occ_n_hydrophobic_gt0 | IX1: mean_n_polar | IY1: std_n_polar | IZ1: occ_n_polar_gt0 | JA1: mean_n_pos_charged | JB1: std_n_pos_charged | JC1: occ_n_pos_charged_gt0 | JD1: mean_n_neg_charged | JE1: std_n_neg_charged | JF1: occ_n_neg_charged_gt0 | JG1: mean_n_other | JH1: std_n_other | JI1: occ_n_other_gt0 | JJ1: mean_n_total | JK1: std_n_total | JL1: occ_n_total_gt0 | JM1: mean_frac_hydrophobic | JN1: std_frac_hydrophobic | JO1: Y23 RMSF (A) | JP1: R79 RMSF (A) | JQ1: I110 RMSF (A) | JR1: G163 RMSF (A)
A2: seq16_binder | B2: 16 | C2: binder | D2: =IF(C2="Binder", 1,0) -> 1 | F2: MPSELTPEERSELKNSIAEFHTYQLDPGQCSSLHAQRIHAPPDLVWSIVRRFDKPQTYVPFIKSCSVEQNFEMRVGCTREDILISGLPASTMTVRLDILDDERRVTGASVIGGEHRVRNLKTVTTVHRFEKENKIWTVVLKSYVVDMPEGNSEDDTRMILDTGVKLILQKLATVAEAMARN | G2: 0.3103 | H2: 0.0525 | I2: 0.3432 | J2: 0.0621 | K2: 0.6839 | L2: 0.0759 | M2: 0.431 | N2: 0.1315 | O2: 10.4943 | P2: 1.3151 | Q2: 21.27 | R2: 25.86 | S2: 52.87 | T2: =VLOOKUP(A2,R_scores!A:T,3,FALSE) -> -0.0222 | U2: =VLOOKUP($A2,R_scores!$A:$T,4,FALSE) -> 0.272 | V2: =VLOOKUP($A2,R_scores!$A:$T,5,FALSE) -> -0.0039 | W2: =VLOOKUP($A2,R_scores!$A:$T,6,FALSE) -> 0.5066 | X2: =VLOOKUP($A2,R_scores!$A:$T,7,FALSE) -> 0.0543 | Y2: =VLOOKUP($A2,R_scores!$A:$T,8,FALSE) -> -0.1277 | Z2: =VLOOKUP($A2,R_scores!$A:$T,9,FALSE) -> 0.1494 | AA2: =VLOOKUP($A2,R_scores!$A:$T,10,FALSE) -> 0.3916 | AB2: =VLOOKUP($A2,R_scores!$A:$T,11,FALSE) -> 0.0918 | AC2: =VLOOKUP($A2,R_scores!$A:$T,12,FALSE) -> -0.1026 | AD2: =VLOOKUP($A2,R_scores!$A:$T,13,FALSE) -> -0.3577 | AE2: =VLOOKUP($A2,R_scores!$A:$T,14,FALSE) -> -0.3348 | AF2: =VLOOKUP($A2,R_scores!$A:$T,15,FALSE) -> 0.1563 | AG2: =VLOOKUP($A2,R_scores!$A:$T,16,FALSE) -> 0.4592 | AH2: =VLOOKUP($A2,R_scores!$A:$T,17,FALSE) -> 0.1157 | AI2: =VLOOKUP($A2,R_scores!$A:$T,18,FALSE) -> 0.3938 | AJ2: =VLOOKUP($A2,R_scores!$A:$T,19,FALSE) -> 0.0864 | AK2: =VLOOKUP($A2,R_scores!$A:$T,20,FALSE) -> 0.0005 | AL2: =VLOOKUP($A2,DW_avgs_500ns!$A:$HH,COLUMN(C2),FALSE) -> 0 | AM2: =VLOOKUP($A2,DW_avgs_500ns!$A:$HH,COLUMN(D2),FALSE) -> 0 | AN2: =VLOOKUP($A2,DW_avgs_500ns!$A:$HH,COLUMN(E2),FALSE) -> 0 | AO2: =VLOOKUP($A2,DW_avgs_500ns!$A:$HH,COLUMN(F2),FALSE) -> 0 | AP2: =VLOOKUP($A2,DW_avgs_500ns!$A:$HH,COLUMN(G2),FALSE) -> 0 | AQ2: =VLOOKUP($A2,DW_avgs_500ns!$A:$HH,COLUMN(H2),FALSE) -> 0 | AR2: =VLOOKUP($A2,DW_avgs_500ns!$A:$HH,COLUMN(I2),FALSE) -> 0 | AS2: =VLOOKUP($A2,DW_avgs_500ns!$A:$HH,COLUMN(J2),FALSE) -> 0 | ... IQ2: =VLOOKUP($A2,DW_avgs_500ns!$A:$HH,COLUMN(HH2),FALSE) -> 0 | IR2: =VLOOKUP($A$2,pkt_vol!A:H,COLUMN(C2),FALSE) -> 928.5762558082661 | IS2: =VLOOKUP($A2,pkt_vol!A:H,COLUMN(D2),FALSE) -> 98.99996524810939 | IT2: =VLOOKUP($A2,pkt_vol!A:H,COLUMN(G2),FALSE) -> 0.084780305 | IU2: =VLOOKUP($A2,lig_contacts!$A:$U,COLUMN(B2),FALSE) -> 14.558816336512594 | IV2: =VLOOKUP($A2,lig_contacts!$A:$U,COLUMN(C2),FALSE) -> 2.068570861508442 | IW2: =VLOOKUP($A2,lig_contacts!$A:$U,COLUMN(D2),FALSE) -> 1 | IX2: =VLOOKUP($A2,lig_contacts!$A:$U,COLUMN(E2),FALSE) -> 2.1300236406619386 | IY2: =VLOOKUP($A2,lig_contacts!$A:$U,COLUMN(F2),FALSE) -> 0.8867388127919622 | IZ2: =VLOOKUP($A2,lig_contacts!$A:$U,COLUMN(G2),FALSE) -> 0.98769055 | JA2: =VLOOKUP($A2,lig_contacts!$A:$U,COLUMN(H2),FALSE) -> 2.668704654764816 | JB2: =VLOOKUP($A2,lig_contacts!$A:$U,COLUMN(I2),FALSE) -> 0.7013255170027929 | ... JN2: =VLOOKUP($A2,lig_contacts!$A:$U,COLUMN(U2),FALSE) -> 0.047587199 | JO2: 2.893 | JP2: 0.546 | JQ2: 0.6759999999999999 | JR2: 0.7589999999999999
A3: seq14_binder | B3: 14 | C3: binder | D3: =IF(C3="Binder", 1,0) -> 1 | F3: MPSELTPEERSELKNSIAEFHTYQLDPGQCSSLHAQRIHAPPDLVWSIVRRFDKPQTYVPFIKSCSVEQNFEMRVGCTREDILISGLPASTMTLRLDILDDERRVTGASVIGGEHRVRNLKTVTTVHRFEKENKIWTVVLKSYVVDMPEGNSEDDTRMIMDTGIKLILQKLATVAEAMARN | G3: 0.2811 | H3: 0.0542 | I3: 0.2676 | J3: 0.0383 | K3: 0.3398 | L3: 0.0543 | M3: 0.3379 | N3: 0.0544 | O3: 8.2758 | P3: 0.4521 | Q3: 97.72 | R3: 0.06 | S3: 2.23 | T3: =VLOOKUP(A3,R_scores!A:T,3,FALSE) -> -0.3403 | U3: =VLOOKUP($A3,R_scores!$A:$T,4,FALSE) -> 0.1198 | V3: =VLOOKUP($A3,R_scores!$A:$T,5,FALSE) -> 0.0067 | W3: =VLOOKUP($A3,R_scores!$A:$T,6,FALSE) -> 0.3319 | X3: =VLOOKUP($A3,R_scores!$A:$T,7,FALSE) -> 0.0323 | Y3: =VLOOKUP($A3,R_scores!$A:$T,8,FALSE) -> 0.5885 | Z3: =VLOOKUP($A3,R_scores!$A:$T,9,FALSE) -> 0.6125 | AA3: =VLOOKUP($A3,R_scores!$A:$T,10,FALSE) -> 0.1867 | AB3: =VLOOKUP($A3,R_scores!$A:$T,11,FALSE) -> 0.0001 | AC3: =VLOOKUP($A3,R_scores!$A:$T,12,FALSE) -> -0.0107 | AD3: =VLOOKUP($A3,R_scores!$A:$T,13,FALSE) -> 0.1361 | AE3: =VLOOKUP($A3,R_scores!$A:$T,14,FALSE) -> 0.3312 | AF3: =VLOOKUP($A3,R_scores!$A:$T,15,FALSE) -> 0.0956 | AG3: =VLOOKUP($A3,R_scores!$A:$T,16,FALSE) -> 0.1286 | AH3: =VLOOKUP($A3,R_scores!$A:$T,17,FALSE) -> 0.408 | AI3: =VLOOKUP($A3,R_scores!$A:$T,18,FALSE) -> 0.1174 | AJ3: =VLOOKUP($A3,R_scores!$A:$T,19,FALSE) -> -0.0175 | AK3: =VLOOKUP($A3,R_scores!$A:$T,20,FALSE) -> -0.3327 | AL3: =VLOOKUP($A3,DW_avgs_500ns!$A:$HH,COLUMN(C3),FALSE) -> 0 | AM3: =VLOOKUP($A3,DW_avgs_500ns!$A:$HH,COLUMN(D3),FALSE) -> 0 | AN3: =VLOOKUP($A3,DW_avgs_500ns!$A:$HH,COLUMN(E3),FALSE) -> 0 | AO3: =VLOOKUP($A3,DW_avgs_500ns!$A:$HH,COLUMN(F3),FALSE) -> 0 | AP3: =VLOOKUP($A3,DW_avgs_500ns!$A:$HH,COLUMN(G3),FALSE) -> 0 | AQ3: =VLOOKUP($A3,DW_avgs_500ns!$A:$HH,COLUMN(H3),FALSE) -> 0 | AR3: =VLOOKUP($A3,DW_avgs_500ns!$A:$HH,COLUMN(I3),FALSE) -> 0 | AS3: =VLOOKUP($A3,DW_avgs_500ns!$A:$HH,COLUMN(J3),FALSE) -> 0 | ... IQ3: =VLOOKUP($A3,DW_avgs_500ns!$A:$HH,COLUMN(HH3),FALSE) -> 0 | IR3: =VLOOKUP(A3,pkt_vol!A:H,COLUMN(C3),FALSE) -> 952.08445 | IS3: =VLOOKUP($A3,pkt_vol!A:H,COLUMN(D3),FALSE) -> 125.10616134195399 | IT3: =VLOOKUP($A3,pkt_vol!A:H,COLUMN(G3),FALSE) -> 0.11640988016629983 | IU3: =VLOOKUP($A3,lig_contacts!$A:$U,COLUMN(B3),FALSE) -> 14.63234694709383 | IV3: =VLOOKUP($A3,lig_contacts!$A:$U,COLUMN(C3),FALSE) -> 1.156248587347947 | IW3: =VLOOKUP($A3,lig_contacts!$A:$U,COLUMN(D3),FALSE) -> 1 | IX3: =VLOOKUP($A3,lig_contacts!$A:$U,COLUMN(E3),FALSE) -> 2.560202168419337 | IY3: =VLOOKUP($A3,lig_contacts!$A:$U,COLUMN(F3),FALSE) -> 0.5261786776998156 | IZ3: =VLOOKUP($A3,lig_contacts!$A:$U,COLUMN(G3),FALSE) -> 0.99991848 | JA3: =VLOOKUP($A3,lig_contacts!$A:$U,COLUMN(H3),FALSE) -> 2.550093747452515 | JB3: =VLOOKUP($A3,lig_contacts!$A:$U,COLUMN(I3),FALSE) -> 0.8496671381872838 | ... JN3: =VLOOKUP($A3,lig_contacts!$A:$U,COLUMN(U3),FALSE) -> 0.042101084 | JO3: 2.463 | JP3: 0.51 | JQ3: 0.684 | JR3: 0.62
A4: seq10_binder | B4: 10 | C4: binder | D4: =IF(C4="Binder", 1,0) -> 1 | F4: MPSELTPEERSELKNSIAEFHTYQLDPGQCSSLHAQRIHAPPDLVWSIVRRFDKPQTYVPFIKSCSVEQNFEMRVGCTREDILISGLPASTMTVRLDILDDERRVTGASVIGGEHRVRNLKTVTTVHRFEKENKIWTVVLKSYVVDMPEGNSEDDTRMIVDTGVKLLLQKLATVAEAMARN | G4: 1.0638 | H4: 0.4775 | I4: 0.2861 | J4: 0.0553 | K4: 0.3176 | L4: 0.055 | M4: 0.495 | N4: 0.1043 | O4: 9.9072 | P4: 0.6194 | Q4: 19.51 | R4: 1.1 | S4: 79.38 | T4: =VLOOKUP(A4,R_scores!A:T,3,FALSE) -> -0.3718 | U4: =VLOOKUP($A4,R_scores!$A:$T,4,FALSE) -> 0.2259 | V4: =VLOOKUP($A4,R_scores!$A:$T,5,FALSE) -> -0.1287 | W4: =VLOOKUP($A4,R_scores!$A:$T,6,FALSE) -> 0.1766 | X4: =VLOOKUP($A4,R_scores!$A:$T,7,FALSE) -> 0.0444 | Y4: =VLOOKUP($A4,R_scores!$A:$T,8,FALSE) -> -0.0419 | Z4: =VLOOKUP($A4,R_scores!$A:$T,9,FALSE) -> 0.0182 | AA4: =VLOOKUP($A4,R_scores!$A:$T,10,FALSE) -> 0.293 | AB4: =VLOOKUP($A4,R_scores!$A:$T,11,FALSE) -> 0.0223 | AC4: =VLOOKUP($A4,R_scores!$A:$T,12,FALSE) -> 0.2032 | AD4: =VLOOKUP($A4,R_scores!$A:$T,13,FALSE) -> -0.028 | AE4: =VLOOKUP($A4,R_scores!$A:$T,14,FALSE) -> -0.0086 | AF4: =VLOOKUP($A4,R_scores!$A:$T,15,FALSE) -> 0.3469 | AG4: =VLOOKUP($A4,R_scores!$A:$T,16,FALSE) -> 0.1539 | AH4: =VLOOKUP($A4,R_scores!$A:$T,17,FALSE) -> 0.1792 | AI4: =VLOOKUP($A4,R_scores!$A:$T,18,FALSE) -> 0.1637 | AJ4: =VLOOKUP($A4,R_scores!$A:$T,19,FALSE) -> 0.2561 | AK4: =VLOOKUP($A4,R_scores!$A:$T,20,FALSE) -> -0.1603 | AL4: =VLOOKUP($A4,DW_avgs_500ns!$A:$HH,COLUMN(C4),FALSE) -> 0 | AM4: =VLOOKUP($A4,DW_avgs_500ns!$A:$HH,COLUMN(D4),FALSE) -> 0 | AN4: =VLOOKUP($A4,DW_avgs_500ns!$A:$HH,COLUMN(E4),FALSE) -> 0 | AO4: =VLOOKUP($A4,DW_avgs_500ns!$A:$HH,COLUMN(F4),FALSE) -> 0 | AP4: =VLOOKUP($A4,DW_avgs_500ns!$A:$HH,COLUMN(G4),FALSE) -> 0 | AQ4: =VLOOKUP($A4,DW_avgs_500ns!$A:$HH,COLUMN(H4),FALSE) -> 0 | AR4: =VLOOKUP($A4,DW_avgs_500ns!$A:$HH,COLUMN(I4),FALSE) -> 0 | AS4: =VLOOKUP($A4,DW_avgs_500ns!$A:$HH,COLUMN(J4),FALSE) -> 0 | ... IQ4: =VLOOKUP($A4,DW_avgs_500ns!$A:$HH,COLUMN(HH4),FALSE) -> 0 | IR4: =VLOOKUP(A4,pkt_vol!A:H,COLUMN(C4),FALSE) -> 961.2702991766528 | IS4: =VLOOKUP($A4,pkt_vol!A:H,COLUMN(D4),FALSE) -> 107.61396370256874 | IT4: =VLOOKUP($A4,pkt_vol!A:H,COLUMN(G4),FALSE) -> 0.074427325 | IU4: =VLOOKUP($A4,lig_contacts!$A:$U,COLUMN(B4),FALSE) -> 13.707181870057878 | IV4: =VLOOKUP($A4,lig_contacts!$A:$U,COLUMN(C4),FALSE) -> 1.5486511795267746 | IW4: =VLOOKUP($A4,lig_contacts!$A:$U,COLUMN(D4),FALSE) -> 1 | IX4: =VLOOKUP($A4,lig_contacts!$A:$U,COLUMN(E4),FALSE) -> 2.231026330806228 | IY4: =VLOOKUP($A4,lig_contacts!$A:$U,COLUMN(F4),FALSE) -> 0.6562695845052414 | IZ4: =VLOOKUP($A4,lig_contacts!$A:$U,COLUMN(G4),FALSE) -> 0.9983696095214804 | JA4: =VLOOKUP($A4,lig_contacts!$A:$U,COLUMN(H4),FALSE) -> 2.171924675959892 | JB4: =VLOOKUP($A4,lig_contacts!$A:$U,COLUMN(I4),FALSE) -> 0.5315826962088444 | ... JN4: =VLOOKUP($A4,lig_contacts!$A:$U,COLUMN(U4),FALSE) -> 0.042988273 | JO4: 1.674 | JP4: 0.805 | JQ4: 0.871 | JR4: 1.0050000000000001
A5: seq17_binder | B5: 17 | C5: binder | D5: =IF(C5="Binder", 1,0) -> 1 | F5: MPSELTPEERSELKNSIAEFHTYQLDPGQCSSLHAQRIHAPPDLVWSIVRRFDKPQTYAPFIKSCSVEQNFEMRVGCTREDILISGLPASTMTVRLDILDDERRVTGVSIIGGEHRLRNYKSVTTVHRFEKENKIWTVVLKSYVVDMPEGNSEDDTRMILDTGVKLILQKLATVAEAMARN | G5: 0.2913 | H5: 0.0484 | I5: 0.3216 | J5: 0.0643 | K5: 0.9536 | L5: 0.255 | M5: 0.4221 | N5: 0.146 | O5: 8.5533 | P5: 0.7613 | Q5: 89.86 | R5: 0.47 | S5: 9.67 | T5: =VLOOKUP(A5,R_scores!A:T,3,FALSE) -> 0.3391 | U5: =VLOOKUP($A5,R_scores!$A:$T,4,FALSE) -> 0.1332 | V5: =VLOOKUP($A5,R_scores!$A:$T,5,FALSE) -> 0.192 | W5: =VLOOKUP($A5,R_scores!$A:$T,6,FALSE) -> 0.447 | X5: =VLOOKUP($A5,R_scores!$A:$T,7,FALSE) -> 0.0286 | Y5: =VLOOKUP($A5,R_scores!$A:$T,8,FALSE) -> 0.0361 | Z5: =VLOOKUP($A5,R_scores!$A:$T,9,FALSE) -> 0.0614 | AA5: =VLOOKUP($A5,R_scores!$A:$T,10,FALSE) -> 0.4611 | AB5: =VLOOKUP($A5,R_scores!$A:$T,11,FALSE) -> 0.1335 | AC5: =VLOOKUP($A5,R_scores!$A:$T,12,FALSE) -> 0.1425 | AD5: =VLOOKUP($A5,R_scores!$A:$T,13,FALSE) -> -0.0061 | AE5: =VLOOKUP($A5,R_scores!$A:$T,14,FALSE) -> -0.0896 | AF5: =VLOOKUP($A5,R_scores!$A:$T,15,FALSE) -> 0.365 | AG5: =VLOOKUP($A5,R_scores!$A:$T,16,FALSE) -> -0.0131 | AH5: =VLOOKUP($A5,R_scores!$A:$T,17,FALSE) -> 0.3492 | AI5: =VLOOKUP($A5,R_scores!$A:$T,18,FALSE) -> 0.251 | AJ5: =VLOOKUP($A5,R_scores!$A:$T,19,FALSE) -> 0.3882 | AK5: =VLOOKUP($A5,R_scores!$A:$T,20,FALSE) -> -0.0132 | AL5: =VLOOKUP($A5,DW_avgs_500ns!$A:$HH,COLUMN(C5),FALSE) -> 0 | AM5: =VLOOKUP($A5,DW_avgs_500ns!$A:$HH,COLUMN(D5),FALSE) -> 0 | AN5: =VLOOKUP($A5,DW_avgs_500ns!$A:$HH,COLUMN(E5),FALSE) -> 0 | AO5: =VLOOKUP($A5,DW_avgs_500ns!$A:$HH,COLUMN(F5),FALSE) -> 0 | AP5: =VLOOKUP($A5,DW_avgs_500ns!$A:$HH,COLUMN(G5),FALSE) -> 0 | AQ5: =VLOOKUP($A5,DW_avgs_500ns!$A:$HH,COLUMN(H5),FALSE) -> 0 | AR5: =VLOOKUP($A5,DW_avgs_500ns!$A:$HH,COLUMN(I5),FALSE) -> 0 | AS5: =VLOOKUP($A5,DW_avgs_500ns!$A:$HH,COLUMN(J5),FALSE) -> 0 | ... IQ5: =VLOOKUP($A5,DW_avgs_500ns!$A:$HH,COLUMN(HH5),FALSE) -> 0 | IR5: =VLOOKUP(A5,pkt_vol!A:H,COLUMN(C5),FALSE) -> 865.1019002201027 | IS5: =VLOOKUP($A5,pkt_vol!A:H,COLUMN(D5),FALSE) -> 65.95260943216009 | IT5: =VLOOKUP($A5,pkt_vol!A:H,COLUMN(G5),FALSE) -> 0.12961604304230864 | IU5: =VLOOKUP($A5,lig_contacts!$A:$U,COLUMN(B5),FALSE) -> 14.756501182033096 | IV5: =VLOOKUP($A5,lig_contacts!$A:$U,COLUMN(C5),FALSE) -> 1.276409896830775 | IW5: =VLOOKUP($A5,lig_contacts!$A:$U,COLUMN(D5),FALSE) -> 1 | IX5: =VLOOKUP($A5,lig_contacts!$A:$U,COLUMN(E5),FALSE) -> 2.463846091138828 | IY5: =VLOOKUP($A5,lig_contacts!$A:$U,COLUMN(F5),FALSE) -> 0.5471727686535741 | IZ5: =VLOOKUP($A5,lig_contacts!$A:$U,COLUMN(G5),FALSE) -> 1 | JA5: =VLOOKUP($A5,lig_contacts!$A:$U,COLUMN(H5),FALSE) -> 2.913018667970979 | JB5: =VLOOKUP($A5,lig_contacts!$A:$U,COLUMN(I5),FALSE) -> 0.4552342182035696 | ... JN5: =VLOOKUP($A5,lig_contacts!$A:$U,COLUMN(U5),FALSE) -> 0.032230444 | JO5: 1.387 | JP5: 0.573 | JQ5: 0.6819999999999999 | JR5: 0.598
A6: seq39_binder | B6: 39 | C6: binder | D6: =IF(C6="Binder", 1,0) -> 1 | F6: MPSELTPEERSELKNSIAEFHTYQLDPGQCSSLHAQRIHAPPDLVWSIVRRFDKPQTYVPFIKSCSVEQNFEMRVGCTREDILISGLPASTMTVRLDILDDERRVTGASVIGGEHRLRNYKSVTTVHRFEKENKIWTVVLKSYVVDMPEGNSEDDTRMIVDTGVKLLLQKLATVAEAMARN | G6: 0.366 | H6: 0.0559 | I6: 0.559 | J6: 0.1602 | K6: 0.6841 | L6: 0.1313 | M6: 0.6088 | N6: 0.1403 | O6: 9.4531 | P6: 1.3982 | Q6: 42.31 | R6: 6.34 | S6: 51.35 | T6: =VLOOKUP(A6,R_scores!A:T,3,FALSE) -> 0.0625 | U6: =VLOOKUP($A6,R_scores!$A:$T,4,FALSE) -> 0.0315 | V6: =VLOOKUP($A6,R_scores!$A:$T,5,FALSE) -> 0.1132 | W6: =VLOOKUP($A6,R_scores!$A:$T,6,FALSE) -> 0.3562 | X6: =VLOOKUP($A6,R_scores!$A:$T,7,FALSE) -> 0.0596 | Y6: =VLOOKUP($A6,R_scores!$A:$T,8,FALSE) -> 0.0165 | Z6: =VLOOKUP($A6,R_scores!$A:$T,9,FALSE) -> 0.0217 | AA6: =VLOOKUP($A6,R_scores!$A:$T,10,FALSE) -> 0.3104 | AB6: =VLOOKUP($A6,R_scores!$A:$T,11,FALSE) -> 0.001 | AC6: =VLOOKUP($A6,R_scores!$A:$T,12,FALSE) -> -0.0054 | AD6: =VLOOKUP($A6,R_scores!$A:$T,13,FALSE) -> -0.0528 | AE6: =VLOOKUP($A6,R_scores!$A:$T,14,FALSE) -> -0.0623 | AF6: =VLOOKUP($A6,R_scores!$A:$T,15,FALSE) -> 0.3178 | AG6: =VLOOKUP($A6,R_scores!$A:$T,16,FALSE) -> -0.0406 | AH6: =VLOOKUP($A6,R_scores!$A:$T,17,FALSE) -> 0.0335 | AI6: =VLOOKUP($A6,R_scores!$A:$T,18,FALSE) -> 0.0994 | AJ6: =VLOOKUP($A6,R_scores!$A:$T,19,FALSE) -> 0.2128 | AK6: =VLOOKUP($A6,R_scores!$A:$T,20,FALSE) -> -0.0306 | AL6: =VLOOKUP($A6,DW_avgs_500ns!$A:$HH,COLUMN(C6),FALSE) -> 0 | AM6: =VLOOKUP($A6,DW_avgs_500ns!$A:$HH,COLUMN(D6),FALSE) -> 0 | AN6: =VLOOKUP($A6,DW_avgs_500ns!$A:$HH,COLUMN(E6),FALSE) -> 0 | AO6: =VLOOKUP($A6,DW_avgs_500ns!$A:$HH,COLUMN(F6),FALSE) -> 0 | AP6: =VLOOKUP($A6,DW_avgs_500ns!$A:$HH,COLUMN(G6),FALSE) -> 0 | AQ6: =VLOOKUP($A6,DW_avgs_500ns!$A:$HH,COLUMN(H6),FALSE) -> 0 | AR6: =VLOOKUP($A6,DW_avgs_500ns!$A:$HH,COLUMN(I6),FALSE) -> 0 | AS6: =VLOOKUP($A6,DW_avgs_500ns!$A:$HH,COLUMN(J6),FALSE) -> 0 | ... IQ6: =VLOOKUP($A6,DW_avgs_500ns!$A:$HH,COLUMN(HH6),FALSE) -> 0 | IR6: =VLOOKUP(A6,pkt_vol!A:H,COLUMN(C6),FALSE) -> 971.0259223934133 | IS6: =VLOOKUP($A6,pkt_vol!A:H,COLUMN(D6),FALSE) -> 101.60480258358403 | IT6: =VLOOKUP($A6,pkt_vol!A:H,COLUMN(G6),FALSE) -> 0.055514795793592565 | IU6: =VLOOKUP($A6,lig_contacts!$A:$U,COLUMN(B6),FALSE) -> 12.742479823917828 | IV6: =VLOOKUP($A6,lig_contacts!$A:$U,COLUMN(C6),FALSE) -> 1.7518112711076734 | IW6: =VLOOKUP($A6,lig_contacts!$A:$U,COLUMN(D6),FALSE) -> 1 | IX6: =VLOOKUP($A6,lig_contacts!$A:$U,COLUMN(E6),FALSE) -> 2.315072959973914 | IY6: =VLOOKUP($A6,lig_contacts!$A:$U,COLUMN(F6),FALSE) -> 1.1589020522527542 | IZ6: =VLOOKUP($A6,lig_contacts!$A:$U,COLUMN(G6),FALSE) -> 0.9990217657128884 | JA6: =VLOOKUP($A6,lig_contacts!$A:$U,COLUMN(H6),FALSE) -> 1.9024211298606013 | JB6: =VLOOKUP($A6,lig_contacts!$A:$U,COLUMN(I6),FALSE) -> 0.5053071316910422 | ... JN6: =VLOOKUP($A6,lig_contacts!$A:$U,COLUMN(U6),FALSE) -> 0.048055346 | JO6: 2.16 | JP6: 0.663 | JQ6: 0.671 | JR6: 1.319
A7: seq42_binder | B7: 42 | C7: binder | D7: =IF(C7="Binder", 1,0) -> 1 | F7: MPSELTPEERSELKNSIAEFHTYQLDPGQCSSLHAQRIHAPPDLVWSIVRRFDKPQTYLPFIKSCSVEQNFEMRVGCTRELIVISGLPASTATVRLDILDDERRVTGGSVIGGEHRLRNLKWVTTVHRFEKENKIWTVVLQSYVVDMPEGNSEDDTRMYVDTFIKLVLQKLATVAEAMARN | G7: 0.305 | H7: 0.0549 | I7: 0.8116 | J7: 0.4074 | K7: 0.5456 | L7: 0.1087 | M7: 0.33 | N7: 0.0579 | O7: 11.0828 | P7: 1.4093 | Q7: 14.74 | R7: 43.21 | S7: 42.05 | T7: =VLOOKUP(A7,R_scores!A:T,3,FALSE) -> -0.3804 | U7: =VLOOKUP($A7,R_scores!$A:$T,4,FALSE) -> 0.1533 | V7: =VLOOKUP($A7,R_scores!$A:$T,5,FALSE) -> 0.0098 | W7: =VLOOKUP($A7,R_scores!$A:$T,6,FALSE) -> 0.4741 | X7: =VLOOKUP($A7,R_scores!$A:$T,7,FALSE) -> 0.0362 | Y7: =VLOOKUP($A7,R_scores!$A:$T,8,FALSE) -> -0.0929 | Z7: =VLOOKUP($A7,R_scores!$A:$T,9,FALSE) -> 0.1102 | AA7: =VLOOKUP($A7,R_scores!$A:$T,10,FALSE) -> 0.2696 | AB7: =VLOOKUP($A7,R_scores!$A:$T,11,FALSE) -> 0.011 | AC7: =VLOOKUP($A7,R_scores!$A:$T,12,FALSE) -> -0.3129 | AD7: =VLOOKUP($A7,R_scores!$A:$T,13,FALSE) -> -0.1252 | AE7: =VLOOKUP($A7,R_scores!$A:$T,14,FALSE) -> -0.0625 | AF7: =VLOOKUP($A7,R_scores!$A:$T,15,FALSE) -> 0.0704 | AG7: =VLOOKUP($A7,R_scores!$A:$T,16,FALSE) -> 0.1374 | AH7: =VLOOKUP($A7,R_scores!$A:$T,17,FALSE) -> -0.2337 | AI7: =VLOOKUP($A7,R_scores!$A:$T,18,FALSE) -> 0.0006 | AJ7: =VLOOKUP($A7,R_scores!$A:$T,19,FALSE) -> 0.6747 | AK7: =VLOOKUP($A7,R_scores!$A:$T,20,FALSE) -> 0.337 | AL7: =VLOOKUP($A7,DW_avgs_500ns!$A:$HH,COLUMN(C7),FALSE) -> 0 | AM7: =VLOOKUP($A7,DW_avgs_500ns!$A:$HH,COLUMN(D7),FALSE) -> 0 | AN7: =VLOOKUP($A7,DW_avgs_500ns!$A:$HH,COLUMN(E7),FALSE) -> 0 | AO7: =VLOOKUP($A7,DW_avgs_500ns!$A:$HH,COLUMN(F7),FALSE) -> 0 | AP7: =VLOOKUP($A7,DW_avgs_500ns!$A:$HH,COLUMN(G7),FALSE) -> 0 | AQ7: =VLOOKUP($A7,DW_avgs_500ns!$A:$HH,COLUMN(H7),FALSE) -> 0 | AR7: =VLOOKUP($A7,DW_avgs_500ns!$A:$HH,COLUMN(I7),FALSE) -> 0 | AS7: =VLOOKUP($A7,DW_avgs_500ns!$A:$HH,COLUMN(J7),FALSE) -> 0 | ... IQ7: =VLOOKUP($A7,DW_avgs_500ns!$A:$HH,COLUMN(HH7),FALSE) -> 0 | IR7: =VLOOKUP(A7,pkt_vol!A:H,COLUMN(C7),FALSE) -> 1012.2180794000163 | IS7: =VLOOKUP($A7,pkt_vol!A:H,COLUMN(D7),FALSE) -> 117.70170566245643 | IT7: =VLOOKUP($A7,pkt_vol!A:H,COLUMN(G7),FALSE) -> 0.044346621 | IU7: =VLOOKUP($A7,lig_contacts!$A:$U,COLUMN(B7),FALSE) -> 13.425205836797913 | IV7: =VLOOKUP($A7,lig_contacts!$A:$U,COLUMN(C7),FALSE) -> 1.3994993327138148 | IW7: =VLOOKUP($A7,lig_contacts!$A:$U,COLUMN(D7),FALSE) -> 1 | IX7: =VLOOKUP($A7,lig_contacts!$A:$U,COLUMN(E7),FALSE) -> 2.4099616858237547 | IY7: =VLOOKUP($A7,lig_contacts!$A:$U,COLUMN(F7),FALSE) -> 0.9048343789227596 | IZ7: =VLOOKUP($A7,lig_contacts!$A:$U,COLUMN(G7),FALSE) -> 0.9902176571288824 | JA7: =VLOOKUP($A7,lig_contacts!$A:$U,COLUMN(H7),FALSE) -> 0.9267139479905436 | JB7: =VLOOKUP($A7,lig_contacts!$A:$U,COLUMN(I7),FALSE) -> 0.5279438374135155 | ... JN7: =VLOOKUP($A7,lig_contacts!$A:$U,COLUMN(U7),FALSE) -> 0.057225076 | JO7: 2.926 | JP7: 1.6280000000000001 | JQ7: 0.9470000000000001 | JR7: 1.0150000000000001
A8: pair_3069_binder | B8: 3069 | C8: binder | D8: =IF(C8="Binder", 1,0) -> 1 | E8: 0.7232 | F8: MASELTPEERSELKNSIAEFHTYQLDPGSCSSLHAQRIHAPPELVWSIVRRFDKPQTYAHFIKSCSVEQNFEMRVGCTRDDILISGLPANTMTVRLDILDDERRVTGVSIIGGEHRLTNYKSVTTVHRFEKENRIWTVVLKSYVVDMPEGNSEDDTRMILDTGVKLILQKLATVAEAMARN | G8: 0.3704 | H8: 0.088 | I8: 0.317 | J8: 0.0346 | K8: 1.0124 | L8: 0.3012 | M8: 0.5213 | N8: 0.1372 | O8: 9.7301 | P8: 0.812 | Q8: 36.37 | R8: 2.86 | S8: 60.77 | T8: =VLOOKUP(A8,R_scores!A:T,3,FALSE) -> -0.1168 | U8: =VLOOKUP($A8,R_scores!$A:$T,4,FALSE) -> -0.0136 | V8: =VLOOKUP($A8,R_scores!$A:$T,5,FALSE) -> 0.0826 | W8: =VLOOKUP($A8,R_scores!$A:$T,6,FALSE) -> 0.3023 | X8: =VLOOKUP($A8,R_scores!$A:$T,7,FALSE) -> 0.0265 | Y8: =VLOOKUP($A8,R_scores!$A:$T,8,FALSE) -> 0.0856 | Z8: =VLOOKUP($A8,R_scores!$A:$T,9,FALSE) -> 0.0234 | AA8: =VLOOKUP($A8,R_scores!$A:$T,10,FALSE) -> -0.0584 | AB8: =VLOOKUP($A8,R_scores!$A:$T,11,FALSE) -> -0.1352 | AC8: =VLOOKUP($A8,R_scores!$A:$T,12,FALSE) -> -0.1598 | AD8: =VLOOKUP($A8,R_scores!$A:$T,13,FALSE) -> 0 | AE8: =VLOOKUP($A8,R_scores!$A:$T,14,FALSE) -> 0.11 | AF8: =VLOOKUP($A8,R_scores!$A:$T,15,FALSE) -> 0.0345 | AG8: =VLOOKUP($A8,R_scores!$A:$T,16,FALSE) -> -0.3101 | AH8: =VLOOKUP($A8,R_scores!$A:$T,17,FALSE) -> 0.1274 | AI8: =VLOOKUP($A8,R_scores!$A:$T,18,FALSE) -> 0.2262 | AJ8: =VLOOKUP($A8,R_scores!$A:$T,19,FALSE) -> -0.0425 | AK8: =VLOOKUP($A8,R_scores!$A:$T,20,FALSE) -> -0.2415 | AL8: =VLOOKUP($A8,DW_avgs_500ns!$A:$HH,COLUMN(C8),FALSE) -> 0 | AM8: =VLOOKUP($A8,DW_avgs_500ns!$A:$HH,COLUMN(D8),FALSE) -> 0 | AN8: =VLOOKUP($A8,DW_avgs_500ns!$A:$HH,COLUMN(E8),FALSE) -> 0 | AO8: =VLOOKUP($A8,DW_avgs_500ns!$A:$HH,COLUMN(F8),FALSE) -> 0 | AP8: =VLOOKUP($A8,DW_avgs_500ns!$A:$HH,COLUMN(G8),FALSE) -> 0 | AQ8: =VLOOKUP($A8,DW_avgs_500ns!$A:$HH,COLUMN(H8),FALSE) -> 0 | AR8: =VLOOKUP($A8,DW_avgs_500ns!$A:$HH,COLUMN(I8),FALSE) -> 0 | AS8: =VLOOKUP($A8,DW_avgs_500ns!$A:$HH,COLUMN(J8),FALSE) -> 0 | ... IQ8: =VLOOKUP($A8,DW_avgs_500ns!$A:$HH,COLUMN(HH8),FALSE) -> 0 | IR8: =VLOOKUP(A8,pkt_vol!A:H,COLUMN(C8),FALSE) -> 1055.0946849270401 | IS8: =VLOOKUP($A8,pkt_vol!A:H,COLUMN(D8),FALSE) -> 135.28990039989142 | IT8: =VLOOKUP($A8,pkt_vol!A:H,COLUMN(G8),FALSE) -> 0.035216434 | IU8: =VLOOKUP($A8,lig_contacts!$A:$U,COLUMN(B8),FALSE) -> 14.04662916768566 | IV8: =VLOOKUP($A8,lig_contacts!$A:$U,COLUMN(C8),FALSE) -> 1.6584372 | IW8: =VLOOKUP($A8,lig_contacts!$A:$U,COLUMN(D8),FALSE) -> 1 | IX8: =VLOOKUP($A8,lig_contacts!$A:$U,COLUMN(E8),FALSE) -> 1.7655498491888808 | IY8: =VLOOKUP($A8,lig_contacts!$A:$U,COLUMN(F8),FALSE) -> 0.6508092902149966 | IZ8: =VLOOKUP($A8,lig_contacts!$A:$U,COLUMN(G8),FALSE) -> 0.99975544 | JA8: =VLOOKUP($A8,lig_contacts!$A:$U,COLUMN(H8),FALSE) -> 2.542675470775251 | JB8: =VLOOKUP($A8,lig_contacts!$A:$U,COLUMN(I8),FALSE) -> 0.9274844418265842 | ... JN8: =VLOOKUP($A8,lig_contacts!$A:$U,COLUMN(U8),FALSE) -> 0.056986357 | JO8: 1.196 | JP8: 0.7889999999999999 | JQ8: 0.7829999999999999 | JR8: 1.1300000000000001
A9: pair_3070_binder | B9: 3070 | C9: binder | D9: =IF(C9="Binder", 1,0) -> 1 | E9: 0.6667 | F9: MASELTPEERSELKNSIAEFHTYQLDPGSCSSLHAQRIHAPPELVWSIVRRFDKPQTYAHFIKSCSVEQNFEMRVGCTRDDILISGLPANTMTVRLDILDDERRVTGASVIGGEHRLTNYKSVTTVHRFEKENRIWTVVLKSYVVDMPEGNSEDDTRMIVDTGVKLLLQKLATVAEAMARN | G9: 0.3183 | H9: 0.0494 | I9: 0.4026 | J9: 0.1146 | K9: 0.8512 | L9: 0.1254 | M9: 0.4995 | N9: 0.1552 | O9: 8.4291 | P9: 1.1467 | Q9: 81.11 | R9: 0.14 | S9: 18.75 | T9: =VLOOKUP(A9,R_scores!A:T,3,FALSE) -> -0.2165 | U9: =VLOOKUP($A9,R_scores!$A:$T,4,FALSE) -> -0.0825 | V9: =VLOOKUP($A9,R_scores!$A:$T,5,FALSE) -> 0.0721 | W9: =VLOOKUP($A9,R_scores!$A:$T,6,FALSE) -> 0.4049 | X9: =VLOOKUP($A9,R_scores!$A:$T,7,FALSE) -> 0.1176 | Y9: =VLOOKUP($A9,R_scores!$A:$T,8,FALSE) -> 0.018 | Z9: =VLOOKUP($A9,R_scores!$A:$T,9,FALSE) -> -0.098 | AA9: =VLOOKUP($A9,R_scores!$A:$T,10,FALSE) -> -0.1718 | AB9: =VLOOKUP($A9,R_scores!$A:$T,11,FALSE) -> -0.0454 | AC9: =VLOOKUP($A9,R_scores!$A:$T,12,FALSE) -> -0.2714 | AD9: =VLOOKUP($A9,R_scores!$A:$T,13,FALSE) -> -0.2985 | AE9: =VLOOKUP($A9,R_scores!$A:$T,14,FALSE) -> -0.1216 | AF9: =VLOOKUP($A9,R_scores!$A:$T,15,FALSE) -> 0.4525 | AG9: =VLOOKUP($A9,R_scores!$A:$T,16,FALSE) -> 0.0827 | AH9: =VLOOKUP($A9,R_scores!$A:$T,17,FALSE) -> 0.0124 | AI9: =VLOOKUP($A9,R_scores!$A:$T,18,FALSE) -> 0.1328 | AJ9: =VLOOKUP($A9,R_scores!$A:$T,19,FALSE) -> 0.1434 | AK9: =VLOOKUP($A9,R_scores!$A:$T,20,FALSE) -> 0.2017 | AL9: =VLOOKUP($A9,DW_avgs_500ns!$A:$HH,COLUMN(C9),FALSE) -> 0 | AM9: =VLOOKUP($A9,DW_avgs_500ns!$A:$HH,COLUMN(D9),FALSE) -> 0 | AN9: =VLOOKUP($A9,DW_avgs_500ns!$A:$HH,COLUMN(E9),FALSE) -> 0 | AO9: =VLOOKUP($A9,DW_avgs_500ns!$A:$HH,COLUMN(F9),FALSE) -> 0 | AP9: =VLOOKUP($A9,DW_avgs_500ns!$A:$HH,COLUMN(G9),FALSE) -> 0 | AQ9: =VLOOKUP($A9,DW_avgs_500ns!$A:$HH,COLUMN(H9),FALSE) -> 0 | AR9: =VLOOKUP($A9,DW_avgs_500ns!$A:$HH,COLUMN(I9),FALSE) -> 0 | AS9: =VLOOKUP($A9,DW_avgs_500ns!$A:$HH,COLUMN(J9),FALSE) -> 0 | ... IQ9: =VLOOKUP($A9,DW_avgs_500ns!$A:$HH,COLUMN(HH9),FALSE) -> 0 | IR9: =VLOOKUP(A9,pkt_vol!A:H,COLUMN(C9),FALSE) -> 1027.096687861743 | IS9: =VLOOKUP($A9,pkt_vol!A:H,COLUMN(D9),FALSE) -> 128.75349590191342 | IT9: =VLOOKUP($A9,pkt_vol!A:H,COLUMN(G9),FALSE) -> 0.045650933398548955 | IU9: =VLOOKUP($A9,lig_contacts!$A:$U,COLUMN(B9),FALSE) -> 13.302355914241462 | IV9: =VLOOKUP($A9,lig_contacts!$A:$U,COLUMN(C9),FALSE) -> 1.6899465342628528 | IW9: =VLOOKUP($A9,lig_contacts!$A:$U,COLUMN(D9),FALSE) -> 1 | IX9: =VLOOKUP($A9,lig_contacts!$A:$U,COLUMN(E9),FALSE) -> 2.494905029754626 | IY9: =VLOOKUP($A9,lig_contacts!$A:$U,COLUMN(F9),FALSE) -> 1.3500550717871511 | IZ9: =VLOOKUP($A9,lig_contacts!$A:$U,COLUMN(G9),FALSE) -> 0.99983696 | JA9: =VLOOKUP($A9,lig_contacts!$A:$U,COLUMN(H9),FALSE) -> 1.8649221488546508 | JB9: =VLOOKUP($A9,lig_contacts!$A:$U,COLUMN(I9),FALSE) -> 0.6351806604416186 | ... JN9: =VLOOKUP($A9,lig_contacts!$A:$U,COLUMN(U9),FALSE) -> 0.058283435 | JO9: 1.5379999999999998 | JP9: 0.718 | JQ9: 0.665 | JR9: 0.637
A10: pair_3074_binder | B10: 3074 | C10: binder | D10: =IF(C10="Binder", 1,0) -> 1 | E10: 0.7 | F10: MASELTPEERSELKNSIAEFHTYQLDPGSCSSLHAQRIHAPPELVWSIVRRFDKPQTYAHFIKSCSVEQNFEMRVGCTRDDILISGLPANTMTVRLDILDDERRVTGVSIIGGEHRLTNYKSVTTVHRFEKENRIWTVVLKSYVVDMPEGNSEDDTRMHVDTLTKLALQKLATVAEAMARN | G10: 0.3319 | H10: 0.0667 | I10: 0.3328 | J10: 0.0654 | K10: 1.2924 | L10: 0.2609 | M10: 0.3241 | N10: 0.0639 | O10: 10.6187 | P10: 0.8137 | Q10: 3.77 | R10: 13.42 | S10: 82.81 | T10: =VLOOKUP(A10,R_scores!A:T,3,FALSE) -> -0.0208 | U10: =VLOOKUP($A10,R_scores!$A:$T,4,FALSE) -> -0.0189 | V10: =VLOOKUP($A10,R_scores!$A:$T,5,FALSE) -> -0.0675 | W10: =VLOOKUP($A10,R_scores!$A:$T,6,FALSE) -> 0.3637 | X10: =VLOOKUP($A10,R_scores!$A:$T,7,FALSE) -> 0.0123 | Y10: =VLOOKUP($A10,R_scores!$A:$T,8,FALSE) -> -0.0781 | Z10: =VLOOKUP($A10,R_scores!$A:$T,9,FALSE) -> 0.0493 | AA10: =VLOOKUP($A10,R_scores!$A:$T,10,FALSE) -> 0.2201 | AB10: =VLOOKUP($A10,R_scores!$A:$T,11,FALSE) -> 0.117 | AC10: =VLOOKUP($A10,R_scores!$A:$T,12,FALSE) -> 0.0743 | AD10: =VLOOKUP($A10,R_scores!$A:$T,13,FALSE) -> -0.1863 | AE10: =VLOOKUP($A10,R_scores!$A:$T,14,FALSE) -> 0.1977 | AF10: =VLOOKUP($A10,R_scores!$A:$T,15,FALSE) -> 0.1424 | AG10: =VLOOKUP($A10,R_scores!$A:$T,16,FALSE) -> -0.1999 | AH10: =VLOOKUP($A10,R_scores!$A:$T,17,FALSE) -> 0.0112 | AI10: =VLOOKUP($A10,R_scores!$A:$T,18,FALSE) -> 0.074 | AJ10: =VLOOKUP($A10,R_scores!$A:$T,19,FALSE) -> 0.3102 | AK10: =VLOOKUP($A10,R_scores!$A:$T,20,FALSE) -> -0.178 | AL10: =VLOOKUP($A10,DW_avgs_500ns!$A:$HH,COLUMN(C10),FALSE) -> 0 | AM10: =VLOOKUP($A10,DW_avgs_500ns!$A:$HH,COLUMN(D10),FALSE) -> 0 | AN10: =VLOOKUP($A10,DW_avgs_500ns!$A:$HH,COLUMN(E10),FALSE) -> 0 | AO10: =VLOOKUP($A10,DW_avgs_500ns!$A:$HH,COLUMN(F10),FALSE) -> 0 | AP10: =VLOOKUP($A10,DW_avgs_500ns!$A:$HH,COLUMN(G10),FALSE) -> 0 | AQ10: =VLOOKUP($A10,DW_avgs_500ns!$A:$HH,COLUMN(H10),FALSE) -> 0 | AR10: =VLOOKUP($A10,DW_avgs_500ns!$A:$HH,COLUMN(I10),FALSE) -> 0 | AS10: =VLOOKUP($A10,DW_avgs_500ns!$A:$HH,COLUMN(J10),FALSE) -> 0 | ... IQ10: =VLOOKUP($A10,DW_avgs_500ns!$A:$HH,COLUMN(HH10),FALSE) -> 0 | IR10: =VLOOKUP(A10,pkt_vol!A:H,COLUMN(C10),FALSE) -> 986.3516091954024 | IS10: =VLOOKUP($A10,pkt_vol!A:H,COLUMN(D10),FALSE) -> 129.73078778139202 | IT10: =VLOOKUP($A10,pkt_vol!A:H,COLUMN(G10),FALSE) -> 0.081682563 | IU10: =VLOOKUP($A10,lig_contacts!$A:$U,COLUMN(B10),FALSE) -> 11.065378658188637 | IV10: =VLOOKUP($A10,lig_contacts!$A:$U,COLUMN(C10),FALSE) -> 1.4932681285585885 | IW10: =VLOOKUP($A10,lig_contacts!$A:$U,COLUMN(D10),FALSE) -> 1 | IX10: =VLOOKUP($A10,lig_contacts!$A:$U,COLUMN(E10),FALSE) -> 2.7791636 | IY10: =VLOOKUP($A10,lig_contacts!$A:$U,COLUMN(F10),FALSE) -> 0.9293434887144396 | IZ10: =VLOOKUP($A10,lig_contacts!$A:$U,COLUMN(G10),FALSE) -> 0.9975544142822206 | JA10: =VLOOKUP($A10,lig_contacts!$A:$U,COLUMN(H10),FALSE) -> 3.2813238770685578 | JB10: =VLOOKUP($A10,lig_contacts!$A:$U,COLUMN(I10),FALSE) -> 0.7311753359009182 | ... JN10: =VLOOKUP($A10,lig_contacts!$A:$U,COLUMN(U10),FALSE) -> 0.047968878 | JO10: 2.838 | JP10: 0.7030000000000001 | JQ10: 0.605 | JR10: 0.671
A11: pair_3092_binder | B11: 3092 | C11: binder | D11: =IF(C11="Binder", 1,0) -> 1 | E11: 0.5769 | F11: MASELTPEERSELKNSIAEFHTYQLDPGSCSSLHAQRIHAPPELVWSIVRRFDKPQTYVHFIKSCSVEQNFEMRVGCTRDDILISGLPANTMTVRLDILDDERRVTGASVIGGEHRLTNYKSVTTVHRFEKENRIWTVVLKSYVVDMPEGNSEDDTRMIVDTGVKLLLQKLATVAEAMARN | G11: 0.3337 | H11: 0.0508 | I11: 0.389 | J11: 0.0642 | K11: 0.8609 | L11: 0.1351 | M11: 0.5792 | N11: 0.2063 | O11: 8.6023 | P11: 0.9759 | Q11: 86.28 | R11: 2.37 | S11: 11.35 | T11: =VLOOKUP(A11,R_scores!A:T,3,FALSE) -> -0.0699 | U11: =VLOOKUP($A11,R_scores!$A:$T,4,FALSE) -> -0.0922 | V11: =VLOOKUP($A11,R_scores!$A:$T,5,FALSE) -> -0.1044 | W11: =VLOOKUP($A11,R_scores!$A:$T,6,FALSE) -> 0.198 | X11: =VLOOKUP($A11,R_scores!$A:$T,7,FALSE) -> 0.1346 | Y11: =VLOOKUP($A11,R_scores!$A:$T,8,FALSE) -> 0.0733 | Z11: =VLOOKUP($A11,R_scores!$A:$T,9,FALSE) -> 0.0827 | AA11: =VLOOKUP($A11,R_scores!$A:$T,10,FALSE) -> -0.1588 | AB11: =VLOOKUP($A11,R_scores!$A:$T,11,FALSE) -> -0.108 | AC11: =VLOOKUP($A11,R_scores!$A:$T,12,FALSE) -> -0.1061 | AD11: =VLOOKUP($A11,R_scores!$A:$T,13,FALSE) -> -0.3026 | AE11: =VLOOKUP($A11,R_scores!$A:$T,14,FALSE) -> -0.1279 | AF11: =VLOOKUP($A11,R_scores!$A:$T,15,FALSE) -> 0.5726 | AG11: =VLOOKUP($A11,R_scores!$A:$T,16,FALSE) -> 0.3283 | AH11: =VLOOKUP($A11,R_scores!$A:$T,17,FALSE) -> 0.1571 | AI11: =VLOOKUP($A11,R_scores!$A:$T,18,FALSE) -> 0.2423 | AJ11: =VLOOKUP($A11,R_scores!$A:$T,19,FALSE) -> -0.035 | AK11: =VLOOKUP($A11,R_scores!$A:$T,20,FALSE) -> 0.0329 | AL11: =VLOOKUP($A11,DW_avgs_500ns!$A:$HH,COLUMN(C11),FALSE) -> 0 | AM11: =VLOOKUP($A11,DW_avgs_500ns!$A:$HH,COLUMN(D11),FALSE) -> 0 | AN11: =VLOOKUP($A11,DW_avgs_500ns!$A:$HH,COLUMN(E11),FALSE) -> 0 | AO11: =VLOOKUP($A11,DW_avgs_500ns!$A:$HH,COLUMN(F11),FALSE) -> 0 | AP11: =VLOOKUP($A11,DW_avgs_500ns!$A:$HH,COLUMN(G11),FALSE) -> 0 | AQ11: =VLOOKUP($A11,DW_avgs_500ns!$A:$HH,COLUMN(H11),FALSE) -> 0 | AR11: =VLOOKUP($A11,DW_avgs_500ns!$A:$HH,COLUMN(I11),FALSE) -> 0 | AS11: =VLOOKUP($A11,DW_avgs_500ns!$A:$HH,COLUMN(J11),FALSE) -> 0 | ... IQ11: =VLOOKUP($A11,DW_avgs_500ns!$A:$HH,COLUMN(HH11),FALSE) -> 0 | IR11: =VLOOKUP(A11,pkt_vol!A:H,COLUMN(C11),FALSE) -> 973.3735412081194 | IS11: =VLOOKUP($A11,pkt_vol!A:H,COLUMN(D11),FALSE) -> 102.87067409621032 | IT11: =VLOOKUP($A11,pkt_vol!A:H,COLUMN(G11),FALSE) -> 0.059753811 | IU11: =VLOOKUP($A11,lig_contacts!$A:$U,COLUMN(B11),FALSE) -> 13.813890926876986 | IV11: =VLOOKUP($A11,lig_contacts!$A:$U,COLUMN(C11),FALSE) -> 1.3095243090056614 | IW11: =VLOOKUP($A11,lig_contacts!$A:$U,COLUMN(D11),FALSE) -> 1 | IX11: =VLOOKUP($A11,lig_contacts!$A:$U,COLUMN(E11),FALSE) -> 2.802396674003424 | IY11: =VLOOKUP($A11,lig_contacts!$A:$U,COLUMN(F11),FALSE) -> 0.7762161933717664 | IZ11: =VLOOKUP($A11,lig_contacts!$A:$U,COLUMN(G11),FALSE) -> 1 | JA11: =VLOOKUP($A11,lig_contacts!$A:$U,COLUMN(H11),FALSE) -> 1.5554740360316297 | JB11: =VLOOKUP($A11,lig_contacts!$A:$U,COLUMN(I11),FALSE) -> 0.6104307800399837 | ... JN11: =VLOOKUP($A11,lig_contacts!$A:$U,COLUMN(U11),FALSE) -> 0.040339681 | JO11: 2.838 | JP11: 0.7030000000000001 | JQ11: 0.605 | JR11: 0.671
A12: pair_3098_binder | B12: 3098 | C12: binder | D12: =IF(C12="Binder", 1,0) -> 1 | E12: 0.3871 | F12: MASELTPEERSELKNSIAEFHTYQLDPGSCSSLHAQRIHAPPELVWSIVRRFDKPQTYAHFIKSCSVEQNFEMRVGCTRDLILISGLPANTMTVRLDILDDERRVTGVSIIGGEHRLTNYKSVTTVHRFEKENRIWTVVLKSYVVDMPEGNSEDDTRMIVDTGVKLLLQKLATVAEAMARN | G12: 0.3536 | H12: 0.0634 | I12: 0.4556 | J12: 0.0841 | K12: 0.6164 | L12: 0.1304 | M12: 0.7672 | N12: 0.3667 | O12: 9.1345 | P12: 1.4009 | Q12: 59.52 | R12: 5.76 | S12: 34.72 | T12: =VLOOKUP(A12,R_scores!A:T,3,FALSE) -> -0.2829 | U12: =VLOOKUP($A12,R_scores!$A:$T,4,FALSE) -> -0.0091 | V12: =VLOOKUP($A12,R_scores!$A:$T,5,FALSE) -> 0.1409 | W12: =VLOOKUP($A12,R_scores!$A:$T,6,FALSE) -> 0.3531 | X12: =VLOOKUP($A12,R_scores!$A:$T,7,FALSE) -> 0.0094 | Y12: =VLOOKUP($A12,R_scores!$A:$T,8,FALSE) -> 0.1033 | Z12: =VLOOKUP($A12,R_scores!$A:$T,9,FALSE) -> 0.1724 | AA12: =VLOOKUP($A12,R_scores!$A:$T,10,FALSE) -> 0.2852 | AB12: =VLOOKUP($A12,R_scores!$A:$T,11,FALSE) -> 0.0697 | AC12: =VLOOKUP($A12,R_scores!$A:$T,12,FALSE) -> -0.0962 | AD12: =VLOOKUP($A12,R_scores!$A:$T,13,FALSE) -> -0.098 | AE12: =VLOOKUP($A12,R_scores!$A:$T,14,FALSE) -> 0.1318 | AF12: =VLOOKUP($A12,R_scores!$A:$T,15,FALSE) -> 0.0729 | AG12: =VLOOKUP($A12,R_scores!$A:$T,16,FALSE) -> -0.352 | AH12: =VLOOKUP($A12,R_scores!$A:$T,17,FALSE) -> 0.0036 | AI12: =VLOOKUP($A12,R_scores!$A:$T,18,FALSE) -> 0.0539 | AJ12: =VLOOKUP($A12,R_scores!$A:$T,19,FALSE) -> -0.0266 | AK12: =VLOOKUP($A12,R_scores!$A:$T,20,FALSE) -> -0.1777 | AL12: =VLOOKUP($A12,DW_avgs_500ns!$A:$HH,COLUMN(C12),FALSE) -> 0 | AM12: =VLOOKUP($A12,DW_avgs_500ns!$A:$HH,COLUMN(D12),FALSE) -> 0 | AN12: =VLOOKUP($A12,DW_avgs_500ns!$A:$HH,COLUMN(E12),FALSE) -> 0 | AO12: =VLOOKUP($A12,DW_avgs_500ns!$A:$HH,COLUMN(F12),FALSE) -> 0 | AP12: =VLOOKUP($A12,DW_avgs_500ns!$A:$HH,COLUMN(G12),FALSE) -> 0 | AQ12: =VLOOKUP($A12,DW_avgs_500ns!$A:$HH,COLUMN(H12),FALSE) -> 0 | AR12: =VLOOKUP($A12,DW_avgs_500ns!$A:$HH,COLUMN(I12),FALSE) -> 0 | AS12: =VLOOKUP($A12,DW_avgs_500ns!$A:$HH,COLUMN(J12),FALSE) -> 0 | ... IQ12: =VLOOKUP($A12,DW_avgs_500ns!$A:$HH,COLUMN(HH12),FALSE) -> 0 | IR12: =VLOOKUP(A12,pkt_vol!A:H,COLUMN(C12),FALSE) -> 957.4819157088123 | IS12: =VLOOKUP($A12,pkt_vol!A:H,COLUMN(D12),FALSE) -> 127.21301328262565 | IT12: =VLOOKUP($A12,pkt_vol!A:H,COLUMN(G12),FALSE) -> 0.080052172 | IU12: =VLOOKUP($A12,lig_contacts!$A:$U,COLUMN(B12),FALSE) -> 14.071818700578788 | IV12: =VLOOKUP($A12,lig_contacts!$A:$U,COLUMN(C12),FALSE) -> 2.2579213517271404 | IW12: =VLOOKUP($A12,lig_contacts!$A:$U,COLUMN(D12),FALSE) -> 1 | IX12: =VLOOKUP($A12,lig_contacts!$A:$U,COLUMN(E12),FALSE) -> 2.0919540229885056 | IY12: =VLOOKUP($A12,lig_contacts!$A:$U,COLUMN(F12),FALSE) -> 0.6722847081335154 | IZ12: =VLOOKUP($A12,lig_contacts!$A:$U,COLUMN(G12),FALSE) -> 0.9991848047607402 | JA12: =VLOOKUP($A12,lig_contacts!$A:$U,COLUMN(H12),FALSE) -> 1.6677264204777045 | JB12: =VLOOKUP($A12,lig_contacts!$A:$U,COLUMN(I12),FALSE) -> 0.9282419251708196 | ... JN12: =VLOOKUP($A12,lig_contacts!$A:$U,COLUMN(U12),FALSE) -> 0.052870215 | JO12: 2.396 | JP12: 1.353 | JQ12: 0.8300000000000001 | JR12: 2.313
A13: pair_3059_binder | B13: 3059 | C13: binder | D13: =IF(C13="Binder", 1,0) -> 1 | E13: 0.2222 | F13: MASELTPEERSELKNSIAEFHTYQLDPGSCSSLHAQRIHAPPELVWSIVRRFDKPQTYVHFIKSCSVEQNFEMRVGCTRDLIAISGLPANTATERLDILDDERRVTGASVIGGEHRLTNLKWVTTVHRFEKENRIWTVVLRSYVVDMPEGNSEDDTRMHVDTLFKLGLQKLATVAEAMARN | G13: 0.396 | H13: 0.0863 | I13: 0.619 | J13: 0.1529 | K13: 0.6749 | L13: 0.1384 | M13: 0.6383 | N13: 0.1771 | O13: 10.7796 | P13: 1.077 | Q13: 7.95 | R13: 21.52 | S13: 70.53 | T13: =VLOOKUP(A13,R_scores!A:T,3,FALSE) -> -0.002 | U13: =VLOOKUP($A13,R_scores!$A:$T,4,FALSE) -> 0.2214 | V13: =VLOOKUP($A13,R_scores!$A:$T,5,FALSE) -> 0.2156 | W13: =VLOOKUP($A13,R_scores!$A:$T,6,FALSE) -> 0.0019 | X13: =VLOOKUP($A13,R_scores!$A:$T,7,FALSE) -> 0.0187 | Y13: =VLOOKUP($A13,R_scores!$A:$T,8,FALSE) -> 0.0287 | Z13: =VLOOKUP($A13,R_scores!$A:$T,9,FALSE) -> 0.2844 | AA13: =VLOOKUP($A13,R_scores!$A:$T,10,FALSE) -> 0.2951 | AB13: =VLOOKUP($A13,R_scores!$A:$T,11,FALSE) -> -0.0038 | AC13: =VLOOKUP($A13,R_scores!$A:$T,12,FALSE) -> -0.0205 | AD13: =VLOOKUP($A13,R_scores!$A:$T,13,FALSE) -> -0.061 | AE13: =VLOOKUP($A13,R_scores!$A:$T,14,FALSE) -> 0.1916 | AF13: =VLOOKUP($A13,R_scores!$A:$T,15,FALSE) -> 0.3826 | AG13: =VLOOKUP($A13,R_scores!$A:$T,16,FALSE) -> -0.046 | AH13: =VLOOKUP($A13,R_scores!$A:$T,17,FALSE) -> -0.0241 | AI13: =VLOOKUP($A13,R_scores!$A:$T,18,FALSE) -> 0.0785 | AJ13: =VLOOKUP($A13,R_scores!$A:$T,19,FALSE) -> 0.3889 | AK13: =VLOOKUP($A13,R_scores!$A:$T,20,FALSE) -> 0.2931 | AL13: =VLOOKUP($A13,DW_avgs_500ns!$A:$HH,COLUMN(C13),FALSE) -> 0 | AM13: =VLOOKUP($A13,DW_avgs_500ns!$A:$HH,COLUMN(D13),FALSE) -> 0 | AN13: =VLOOKUP($A13,DW_avgs_500ns!$A:$HH,COLUMN(E13),FALSE) -> 0 | AO13: =VLOOKUP($A13,DW_avgs_500ns!$A:$HH,COLUMN(F13),FALSE) -> 0 | AP13: =VLOOKUP($A13,DW_avgs_500ns!$A:$HH,COLUMN(G13),FALSE) -> 0 | AQ13: =VLOOKUP($A13,DW_avgs_500ns!$A:$HH,COLUMN(H13),FALSE) -> 0 | AR13: =VLOOKUP($A13,DW_avgs_500ns!$A:$HH,COLUMN(I13),FALSE) -> 0 | AS13: =VLOOKUP($A13,DW_avgs_500ns!$A:$HH,COLUMN(J13),FALSE) -> 0.0155 | ... IQ13: =VLOOKUP($A13,DW_avgs_500ns!$A:$HH,COLUMN(HH13),FALSE) -> 0 | IR13: =VLOOKUP(A13,pkt_vol!A:H,COLUMN(C13),FALSE) -> 906.1267082416239 | IS13: =VLOOKUP($A13,pkt_vol!A:H,COLUMN(D13),FALSE) -> 120.97805729176432 | IT13: =VLOOKUP($A13,pkt_vol!A:H,COLUMN(G13),FALSE) -> 0.16850085595500122 | IU13: =VLOOKUP($A13,lig_contacts!$A:$U,COLUMN(B13),FALSE) -> 14.835982717860928 | IV13: =VLOOKUP($A13,lig_contacts!$A:$U,COLUMN(C13),FALSE) -> 1.9509347365197287 | IW13: =VLOOKUP($A13,lig_contacts!$A:$U,COLUMN(D13),FALSE) -> 1 | IX13: =VLOOKUP($A13,lig_contacts!$A:$U,COLUMN(E13),FALSE) -> 1.6560691285562892 | IY13: =VLOOKUP($A13,lig_contacts!$A:$U,COLUMN(F13),FALSE) -> 0.80897165 | IZ13: =VLOOKUP($A13,lig_contacts!$A:$U,COLUMN(G13),FALSE) -> 0.8754381674411021 | JA13: =VLOOKUP($A13,lig_contacts!$A:$U,COLUMN(H13),FALSE) -> 2.9852449661693976 | JB13: =VLOOKUP($A13,lig_contacts!$A:$U,COLUMN(I13),FALSE) -> 0.9421313199626202 | ... JN13: =VLOOKUP($A13,lig_contacts!$A:$U,COLUMN(U13),FALSE) -> 0.056255059 | JO13: 1.081 | JP13: 0.6379999999999999 | JQ13: 1.086 | JR13: 1.5379999999999998
A14: pair_3062_binder | B14: 3062 | C14: binder | D14: =IF(C14="Binder", 1,0) -> 1 | E14: 0.8794 | F14: MASELTPEERSELKNSIAEFHTYQLDPGSCSSLHAQRIHAPPELVWSIVRRFDKPQTYVHFIKSCSVEQNFEMRVGCTRDDILISGLPANTMTVRLDILDDERRVTGASVIGGEHRVTNLKTVTTVHRFEKENRIWTVVLKSYVVDMPEGNSEDDTRMIVDTGVKLLLQKLATVAEAMARN | G14: 0.2899 | H14: 0.0386 | I14: 0.3612 | J14: 0.0917 | K14: 0.6691 | L14: 0.1148 | M14: 0.5425 | N14: 0.108 | O14: 8.7093 | P14: 0.7099 | Q14: 87.87 | R14: 0.46 | S14: 11.67 | T14: =VLOOKUP(A14,R_scores!A:T,3,FALSE) -> -0.0074 | U14: =VLOOKUP($A14,R_scores!$A:$T,4,FALSE) -> -0.0418 | V14: =VLOOKUP($A14,R_scores!$A:$T,5,FALSE) -> -0.2144 | W14: =VLOOKUP($A14,R_scores!$A:$T,6,FALSE) -> 0.418 | X14: =VLOOKUP($A14,R_scores!$A:$T,7,FALSE) -> 0.0959 | Y14: =VLOOKUP($A14,R_scores!$A:$T,8,FALSE) -> 0.2348 | Z14: =VLOOKUP($A14,R_scores!$A:$T,9,FALSE) -> 0.151 | AA14: =VLOOKUP($A14,R_scores!$A:$T,10,FALSE) -> -0.3559 | AB14: =VLOOKUP($A14,R_scores!$A:$T,11,FALSE) -> -0.0448 | AC14: =VLOOKUP($A14,R_scores!$A:$T,12,FALSE) -> -0.2081 | AD14: =VLOOKUP($A14,R_scores!$A:$T,13,FALSE) -> -0.223 | AE14: =VLOOKUP($A14,R_scores!$A:$T,14,FALSE) -> 0.1474 | AF14: =VLOOKUP($A14,R_scores!$A:$T,15,FALSE) -> 0.0632 | AG14: =VLOOKUP($A14,R_scores!$A:$T,16,FALSE) -> 0.0653 | AH14: =VLOOKUP($A14,R_scores!$A:$T,17,FALSE) -> 0.1921 | AI14: =VLOOKUP($A14,R_scores!$A:$T,18,FALSE) -> 0.1793 | AJ14: =VLOOKUP($A14,R_scores!$A:$T,19,FALSE) -> 0.0967 | AK14: =VLOOKUP($A14,R_scores!$A:$T,20,FALSE) -> 0.0051 | AL14: =VLOOKUP($A14,DW_avgs_500ns!$A:$HH,COLUMN(C14),FALSE) -> 0 | AM14: =VLOOKUP($A14,DW_avgs_500ns!$A:$HH,COLUMN(D14),FALSE) -> 0 | AN14: =VLOOKUP($A14,DW_avgs_500ns!$A:$HH,COLUMN(E14),FALSE) -> 0 | AO14: =VLOOKUP($A14,DW_avgs_500ns!$A:$HH,COLUMN(F14),FALSE) -> 0 | AP14: =VLOOKUP($A14,DW_avgs_500ns!$A:$HH,COLUMN(G14),FALSE) -> 0 | AQ14: =VLOOKUP($A14,DW_avgs_500ns!$A:$HH,COLUMN(H14),FALSE) -> 0 | AR14: =VLOOKUP($A14,DW_avgs_500ns!$A:$HH,COLUMN(I14),FALSE) -> 0 | AS14: =VLOOKUP($A14,DW_avgs_500ns!$A:$HH,COLUMN(J14),FALSE) -> 0 | ... IQ14: =VLOOKUP($A14,DW_avgs_500ns!$A:$HH,COLUMN(HH14),FALSE) -> 0 | IR14: =VLOOKUP(A14,pkt_vol!A:H,COLUMN(C14),FALSE) -> 958.86902 | IS14: =VLOOKUP($A14,pkt_vol!A:H,COLUMN(D14),FALSE) -> 111.38144847435714 | IT14: =VLOOKUP($A14,pkt_vol!A:H,COLUMN(G14),FALSE) -> 0.081927122 | IU14: =VLOOKUP($A14,lig_contacts!$A:$U,COLUMN(B14),FALSE) -> 15.35061547240564 | IV14: =VLOOKUP($A14,lig_contacts!$A:$U,COLUMN(C14),FALSE) -> 1.494016839666613 | IW14: =VLOOKUP($A14,lig_contacts!$A:$U,COLUMN(D14),FALSE) -> 1 | IX14: =VLOOKUP($A14,lig_contacts!$A:$U,COLUMN(E14),FALSE) -> 1.182440694546344 | IY14: =VLOOKUP($A14,lig_contacts!$A:$U,COLUMN(F14),FALSE) -> 0.5315280130554694 | IZ14: =VLOOKUP($A14,lig_contacts!$A:$U,COLUMN(G14),FALSE) -> 0.9910328523681422 | JA14: =VLOOKUP($A14,lig_contacts!$A:$U,COLUMN(H14),FALSE) -> 2.2677916360968453 | JB14: =VLOOKUP($A14,lig_contacts!$A:$U,COLUMN(I14),FALSE) -> 0.9604260689474772 | ... JN14: =VLOOKUP($A14,lig_contacts!$A:$U,COLUMN(U14),FALSE) -> 0.052308029 | JO14: 1.786 | JP14: 0.679 | JQ14: 0.609 | JR14: 0.916
A15: pair_3063_binder | B15: 3063 | C15: binder | D15: =IF(C15="Binder", 1,0) -> 1 | E15: 0.8421 | F15: MASELTPEERSELKNSIAEFHTYQLDPGSCSSLHAQRIHAPPELVWSIVRRFDKPQTYAHFIKSCSVEQNFEMRVGCTRDDILISGLPANTMTVRLDILDDERRVTGASVIGGEHRVTNLKTVTTVHRFEKENRIWTVVLKSYVVDMPEGNSEDDTRMIMDTGIKLILQKLATVAEAMARN | G15: 0.3517 | H15: 0.0667 | I15: 0.4992 | J15: 0.125 | K15: 0.7049 | L15: 0.1695 | M15: 0.6195 | N15: 0.1486 | O15: 12.5979 | P15: 2.2921 | Q15: 6.14 | R15: 58.17 | S15: 35.69 | T15: =VLOOKUP(A15,R_scores!A:T,3,FALSE) -> -0.0375 | U15: =VLOOKUP($A15,R_scores!$A:$T,4,FALSE) -> 0.065 | V15: =VLOOKUP($A15,R_scores!$A:$T,5,FALSE) -> 0.0002 | W15: =VLOOKUP($A15,R_scores!$A:$T,6,FALSE) -> 0.1054 | X15: =VLOOKUP($A15,R_scores!$A:$T,7,FALSE) -> 0.0186 | Y15: =VLOOKUP($A15,R_scores!$A:$T,8,FALSE) -> -0.0278 | Z15: =VLOOKUP($A15,R_scores!$A:$T,9,FALSE) -> -0.0344 | AA15: =VLOOKUP($A15,R_scores!$A:$T,10,FALSE) -> 0.169 | AB15: =VLOOKUP($A15,R_scores!$A:$T,11,FALSE) -> -0.1338 | AC15: =VLOOKUP($A15,R_scores!$A:$T,12,FALSE) -> -0.0139 | AD15: =VLOOKUP($A15,R_scores!$A:$T,13,FALSE) -> -0.0002 | AE15: =VLOOKUP($A15,R_scores!$A:$T,14,FALSE) -> -0.0199 | AF15: =VLOOKUP($A15,R_scores!$A:$T,15,FALSE) -> 0.0939 | AG15: =VLOOKUP($A15,R_scores!$A:$T,16,FALSE) -> -0.0491 | AH15: =VLOOKUP($A15,R_scores!$A:$T,17,FALSE) -> -0.0778 | AI15: =VLOOKUP($A15,R_scores!$A:$T,18,FALSE) -> 0.3949 | AJ15: =VLOOKUP($A15,R_scores!$A:$T,19,FALSE) -> 0.2155 | AK15: =VLOOKUP($A15,R_scores!$A:$T,20,FALSE) -> 0.1381 | AL15: =VLOOKUP($A15,DW_avgs_500ns!$A:$HH,COLUMN(C15),FALSE) -> 0 | AM15: =VLOOKUP($A15,DW_avgs_500ns!$A:$HH,COLUMN(D15),FALSE) -> 0 | AN15: =VLOOKUP($A15,DW_avgs_500ns!$A:$HH,COLUMN(E15),FALSE) -> 0 | AO15: =VLOOKUP($A15,DW_avgs_500ns!$A:$HH,COLUMN(F15),FALSE) -> 0.0261 | AP15: =VLOOKUP($A15,DW_avgs_500ns!$A:$HH,COLUMN(G15),FALSE) -> 0 | AQ15: =VLOOKUP($A15,DW_avgs_500ns!$A:$HH,COLUMN(H15),FALSE) -> 0.0057 | AR15: =VLOOKUP($A15,DW_avgs_500ns!$A:$HH,COLUMN(I15),FALSE) -> 0.0196 | AS15: =VLOOKUP($A15,DW_avgs_500ns!$A:$HH,COLUMN(J15),FALSE) -> 0.1752 | ... IQ15: =VLOOKUP($A15,DW_avgs_500ns!$A:$HH,COLUMN(HH15),FALSE) -> 0 | IR15: =VLOOKUP(A15,pkt_vol!A:H,COLUMN(C15),FALSE) -> 896.6254707752507 | IS15: =VLOOKUP($A15,pkt_vol!A:H,COLUMN(D15),FALSE) -> 135.19807924448392 | IT15: =VLOOKUP($A15,pkt_vol!A:H,COLUMN(G15),FALSE) -> 0.2073856688676938 | IU15: =VLOOKUP($A15,lig_contacts!$A:$U,COLUMN(B15),FALSE) -> 11.773864840629331 | IV15: =VLOOKUP($A15,lig_contacts!$A:$U,COLUMN(C15),FALSE) -> 1.736415348540845 | IW15: =VLOOKUP($A15,lig_contacts!$A:$U,COLUMN(D15),FALSE) -> 1 | IX15: =VLOOKUP($A15,lig_contacts!$A:$U,COLUMN(E15),FALSE) -> 2.2546669927447622 | IY15: =VLOOKUP($A15,lig_contacts!$A:$U,COLUMN(F15),FALSE) -> 1.1877070791514976 | IZ15: =VLOOKUP($A15,lig_contacts!$A:$U,COLUMN(G15),FALSE) -> 0.9851634466454716 | JA15: =VLOOKUP($A15,lig_contacts!$A:$U,COLUMN(H15),FALSE) -> 2.290535583272194 | JB15: =VLOOKUP($A15,lig_contacts!$A:$U,COLUMN(I15),FALSE) -> 0.7441262716402773 | ... JN15: =VLOOKUP($A15,lig_contacts!$A:$U,COLUMN(U15),FALSE) -> 0.071411232 | JO15: 1.6500000000000001 | JP15: 1.2690000000000001 | JQ15: 0.9909999999999999 | JR15: 2.06
A16: pair_3066_binder | B16: 3066 | C16: binder | D16: =IF(C16="Binder", 1,0) -> 1 | E16: 0.7959 | F16: MASELTPEERSELKNSIAEFHTYQLDPGSCSSLHAQRIHAPPELVWSIVRRFDKPQTYVHFIKSCSVEQNFEMRVGCTRDDILISGLPANTMTLRLDILDDERRVTGASVIGGEHRVTNLKTVTTVHRFEKENRIWTVVLKSYVVDMPEGNSEDDTRMIMDTGIKLILQKLATVAEAMARN | G16: 0.4759 | H16: 0.1303 | I16: 0.4878 | J16: 0.0674 | K16: 0.7135 | L16: 0.1271 | M16: 0.4548 | N16: 0.097 | O16: 10.9073 | P16: 1.5809 | Q16: 19.67 | R16: 36.81 | S16: 43.52 | T16: =VLOOKUP(A16,R_scores!A:T,3,FALSE) -> -0.2159 | U16: =VLOOKUP($A16,R_scores!$A:$T,4,FALSE) -> 0.0143 | V16: =VLOOKUP($A16,R_scores!$A:$T,5,FALSE) -> -0.1826 | W16: =VLOOKUP($A16,R_scores!$A:$T,6,FALSE) -> 0.2362 | X16: =VLOOKUP($A16,R_scores!$A:$T,7,FALSE) -> 0.0303 | Y16: =VLOOKUP($A16,R_scores!$A:$T,8,FALSE) -> -0.0514 | Z16: =VLOOKUP($A16,R_scores!$A:$T,9,FALSE) -> 0.1035 | AA16: =VLOOKUP($A16,R_scores!$A:$T,10,FALSE) -> -0.0242 | AB16: =VLOOKUP($A16,R_scores!$A:$T,11,FALSE) -> 0.0032 | AC16: =VLOOKUP($A16,R_scores!$A:$T,12,FALSE) -> 0.2535 | AD16: =VLOOKUP($A16,R_scores!$A:$T,13,FALSE) -> 0.0256 | AE16: =VLOOKUP($A16,R_scores!$A:$T,14,FALSE) -> 0.1323 | AF16: =VLOOKUP($A16,R_scores!$A:$T,15,FALSE) -> 0.0925 | AG16: =VLOOKUP($A16,R_scores!$A:$T,16,FALSE) -> 0.2571 | AH16: =VLOOKUP($A16,R_scores!$A:$T,17,FALSE) -> 0.0427 | AI16: =VLOOKUP($A16,R_scores!$A:$T,18,FALSE) -> 0.3364 | AJ16: =VLOOKUP($A16,R_scores!$A:$T,19,FALSE) -> -0.0119 | AK16: =VLOOKUP($A16,R_scores!$A:$T,20,FALSE) -> 0.1528 | AL16: =VLOOKUP($A16,DW_avgs_500ns!$A:$HH,COLUMN(C16),FALSE) -> 0 | AM16: =VLOOKUP($A16,DW_avgs_500ns!$A:$HH,COLUMN(D16),FALSE) -> 0 | AN16: =VLOOKUP($A16,DW_avgs_500ns!$A:$HH,COLUMN(E16),FALSE) -> 0 | AO16: =VLOOKUP($A16,DW_avgs_500ns!$A:$HH,COLUMN(F16),FALSE) -> 0 | AP16: =VLOOKUP($A16,DW_avgs_500ns!$A:$HH,COLUMN(G16),FALSE) -> 0 | AQ16: =VLOOKUP($A16,DW_avgs_500ns!$A:$HH,COLUMN(H16),FALSE) -> 0 | AR16: =VLOOKUP($A16,DW_avgs_500ns!$A:$HH,COLUMN(I16),FALSE) -> 0 | AS16: =VLOOKUP($A16,DW_avgs_500ns!$A:$HH,COLUMN(J16),FALSE) -> 0 | ... IQ16: =VLOOKUP($A16,DW_avgs_500ns!$A:$HH,COLUMN(HH16),FALSE) -> 0 | IR16: =VLOOKUP(A16,pkt_vol!A:H,COLUMN(C16),FALSE) -> 985.7755930545366 | IS16: =VLOOKUP($A16,pkt_vol!A:H,COLUMN(D16),FALSE) -> 107.79741771563003 | IT16: =VLOOKUP($A16,pkt_vol!A:H,COLUMN(G16),FALSE) -> 0.058612538 | IU16: =VLOOKUP($A16,lig_contacts!$A:$U,COLUMN(B16),FALSE) -> 13.709545936251732 | IV16: =VLOOKUP($A16,lig_contacts!$A:$U,COLUMN(C16),FALSE) -> 1.584965234135599 | IW16: =VLOOKUP($A16,lig_contacts!$A:$U,COLUMN(D16),FALSE) -> 1 | IX16: =VLOOKUP($A16,lig_contacts!$A:$U,COLUMN(E16),FALSE) -> 1.359664139561425 | IY16: =VLOOKUP($A16,lig_contacts!$A:$U,COLUMN(F16),FALSE) -> 0.8321787950526456 | IZ16: =VLOOKUP($A16,lig_contacts!$A:$U,COLUMN(G16),FALSE) -> 0.9925817233227358 | JA16: =VLOOKUP($A16,lig_contacts!$A:$U,COLUMN(H16),FALSE) -> 2.3459688595418604 | JB16: =VLOOKUP($A16,lig_contacts!$A:$U,COLUMN(I16),FALSE) -> 0.6883078398568775 | ... JN16: =VLOOKUP($A16,lig_contacts!$A:$U,COLUMN(U16),FALSE) -> 0.04252851 | JO16: 3.406 | JP16: 1.081 | JQ16: 0.877 | JR16: 0.7040000000000001
A17: pair_3067_binder | B17: 3067 | C17: binder | D17: =IF(C17="Binder", 1,0) -> 1 | E17: 0.7921 | F17: MASELTPEERSELKNSIAEFHTYQLDPGSCSSLHAQRIHAPPELVWSIVRRFDKPQTYVHFIKSCSVEQNFEMRVGCTRDDILISGLPANTMTVRLDILDDERRVTGASVIGGEHRVTNLKTVTTVHRFEKENRIWTVVLKSYVVDMPEGNSEDDTRMILDTGYKLILQKLATVAEAMARN | G17: 0.475 | H17: 0.1329 | I17: 0.4872 | J17: 0.0684 | K17: 0.713 | L17: 0.1296 | M17: 0.4535 | N17: 0.1004 | O17: 10.9073 | P17: 1.5809 | Q17: 19.67 | R17: 36.81 | S17: 43.52 | T17: =VLOOKUP(A17,R_scores!A:T,3,FALSE) -> 0 | U17: =VLOOKUP($A17,R_scores!$A:$T,4,FALSE) -> 0.0529 | V17: =VLOOKUP($A17,R_scores!$A:$T,5,FALSE) -> -0.0455 | W17: =VLOOKUP($A17,R_scores!$A:$T,6,FALSE) -> 0.7282 | X17: =VLOOKUP($A17,R_scores!$A:$T,7,FALSE) -> 0.0283 | Y17: =VLOOKUP($A17,R_scores!$A:$T,8,FALSE) -> -0.1852 | Z17: =VLOOKUP($A17,R_scores!$A:$T,9,FALSE) -> -0.0057 | AA17: =VLOOKUP($A17,R_scores!$A:$T,10,FALSE) -> 0.718 | AB17: =VLOOKUP($A17,R_scores!$A:$T,11,FALSE) -> 0.2832 | AC17: =VLOOKUP($A17,R_scores!$A:$T,12,FALSE) -> -0.0759 | AD17: =VLOOKUP($A17,R_scores!$A:$T,13,FALSE) -> -0.1562 | AE17: =VLOOKUP($A17,R_scores!$A:$T,14,FALSE) -> -0.0784 | AF17: =VLOOKUP($A17,R_scores!$A:$T,15,FALSE) -> 0.14 | AG17: =VLOOKUP($A17,R_scores!$A:$T,16,FALSE) -> -0.1775 | AH17: =VLOOKUP($A17,R_scores!$A:$T,17,FALSE) -> -0.1636 | AI17: =VLOOKUP($A17,R_scores!$A:$T,18,FALSE) -> 0.6858 | AJ17: =VLOOKUP($A17,R_scores!$A:$T,19,FALSE) -> 0.2356 | AK17: =VLOOKUP($A17,R_scores!$A:$T,20,FALSE) -> 0.2423 | AL17: =VLOOKUP($A17,DW_avgs_500ns!$A:$HH,COLUMN(C17),FALSE) -> 0 | AM17: =VLOOKUP($A17,DW_avgs_500ns!$A:$HH,COLUMN(D17),FALSE) -> 0 | AN17: =VLOOKUP($A17,DW_avgs_500ns!$A:$HH,COLUMN(E17),FALSE) -> 0 | AO17: =VLOOKUP($A17,DW_avgs_500ns!$A:$HH,COLUMN(F17),FALSE) -> 0 | AP17: =VLOOKUP($A17,DW_avgs_500ns!$A:$HH,COLUMN(G17),FALSE) -> 0 | AQ17: =VLOOKUP($A17,DW_avgs_500ns!$A:$HH,COLUMN(H17),FALSE) -> 0 | AR17: =VLOOKUP($A17,DW_avgs_500ns!$A:$HH,COLUMN(I17),FALSE) -> 0 | AS17: =VLOOKUP($A17,DW_avgs_500ns!$A:$HH,COLUMN(J17),FALSE) -> 0 | ... IQ17: =VLOOKUP($A17,DW_avgs_500ns!$A:$HH,COLUMN(HH17),FALSE) -> 0 | IR17: =VLOOKUP(A17,pkt_vol!A:H,COLUMN(C17),FALSE) -> 1016.483819189696 | IS17: =VLOOKUP($A17,pkt_vol!A:H,COLUMN(D17),FALSE) -> 132.25378299204317 | IT17: =VLOOKUP($A17,pkt_vol!A:H,COLUMN(G17),FALSE) -> 0.065786256 | IU17: =VLOOKUP($A17,lig_contacts!$A:$U,COLUMN(B17),FALSE) -> 12.715822939594032 | IV17: =VLOOKUP($A17,lig_contacts!$A:$U,COLUMN(C17),FALSE) -> 1.2617543458614036 | IW17: =VLOOKUP($A17,lig_contacts!$A:$U,COLUMN(D17),FALSE) -> 1 | IX17: =VLOOKUP($A17,lig_contacts!$A:$U,COLUMN(E17),FALSE) -> 1.943670008967148 | IY17: =VLOOKUP($A17,lig_contacts!$A:$U,COLUMN(F17),FALSE) -> 0.2791753184230102 | IZ17: =VLOOKUP($A17,lig_contacts!$A:$U,COLUMN(G17),FALSE) -> 0.9983696095214804 | JA17: =VLOOKUP($A17,lig_contacts!$A:$U,COLUMN(H17),FALSE) -> 2.0079073938208203 | JB17: =VLOOKUP($A17,lig_contacts!$A:$U,COLUMN(I17),FALSE) -> 0.7083008844321536 | ... JN17: =VLOOKUP($A17,lig_contacts!$A:$U,COLUMN(U17),FALSE) -> 0.037894866 | JO17: 1.958 | JP17: 0.994 | JQ17: 0.8350000000000001 | JR17: 0.782
A18: pair_3068_binder | B18: 3068 | C18: binder | D18: =IF(C18="Binder", 1,0) -> 1 | E18: 0.7813 | F18: MASELTPEERSELKNSIAEFHTYQLDPGSCSSLHAQRIHAPPELVWSIVRRFDKPQTYVHFIKSCSVEQNFEMRVGCTRDDILISGLPANTMTVRLDILDDERRVTGASVIGGEHRVTNLKTVTTVHRFEKENRIWTVVLKSYVVDMPEGNSEDDTRMILDTGVKLILQKLATVAEAMARN | G18: 0.3753 | H18: 0.089 | I18: 0.3828 | J18: 0.1035 | K18: 0.6964 | L18: 0.143 | M18: 0.4487 | N18: 0.1447 | O18: 10.658 | P18: 1.4066 | Q18: 18.59 | R18: 22.58 | S18: 58.83 | T18: =VLOOKUP(A18,R_scores!A:T,3,FALSE) -> -0.1708 | U18: =VLOOKUP($A18,R_scores!$A:$T,4,FALSE) -> -0.2239 | V18: =VLOOKUP($A18,R_scores!$A:$T,5,FALSE) -> 0.0247 | W18: =VLOOKUP($A18,R_scores!$A:$T,6,FALSE) -> 0.3502 | X18: =VLOOKUP($A18,R_scores!$A:$T,7,FALSE) -> 0.0803 | Y18: =VLOOKUP($A18,R_scores!$A:$T,8,FALSE) -> -0.1287 | Z18: =VLOOKUP($A18,R_scores!$A:$T,9,FALSE) -> 0.1489 | AA18: =VLOOKUP($A18,R_scores!$A:$T,10,FALSE) -> 0.0386 | AB18: =VLOOKUP($A18,R_scores!$A:$T,11,FALSE) -> -0.0317 | AC18: =VLOOKUP($A18,R_scores!$A:$T,12,FALSE) -> -0.008 | AD18: =VLOOKUP($A18,R_scores!$A:$T,13,FALSE) -> -0.3321 | AE18: =VLOOKUP($A18,R_scores!$A:$T,14,FALSE) -> -0.0405 | AF18: =VLOOKUP($A18,R_scores!$A:$T,15,FALSE) -> 0.0626 | AG18: =VLOOKUP($A18,R_scores!$A:$T,16,FALSE) -> 0.2484 | AH18: =VLOOKUP($A18,R_scores!$A:$T,17,FALSE) -> 0.0997 | AI18: =VLOOKUP($A18,R_scores!$A:$T,18,FALSE) -> 0.4291 | AJ18: =VLOOKUP($A18,R_scores!$A:$T,19,FALSE) -> 0.0709 | AK18: =VLOOKUP($A18,R_scores!$A:$T,20,FALSE) -> 0.1571 | AL18: =VLOOKUP($A18,DW_avgs_500ns!$A:$HH,COLUMN(C18),FALSE) -> 0 | AM18: =VLOOKUP($A18,DW_avgs_500ns!$A:$HH,COLUMN(D18),FALSE) -> 0 | AN18: =VLOOKUP($A18,DW_avgs_500ns!$A:$HH,COLUMN(E18),FALSE) -> 0 | AO18: =VLOOKUP($A18,DW_avgs_500ns!$A:$HH,COLUMN(F18),FALSE) -> 0 | AP18: =VLOOKUP($A18,DW_avgs_500ns!$A:$HH,COLUMN(G18),FALSE) -> 0 | AQ18: =VLOOKUP($A18,DW_avgs_500ns!$A:$HH,COLUMN(H18),FALSE) -> 0 | AR18: =VLOOKUP($A18,DW_avgs_500ns!$A:$HH,COLUMN(I18),FALSE) -> 0 | AS18: =VLOOKUP($A18,DW_avgs_500ns!$A:$HH,COLUMN(J18),FALSE) -> 0 | ... IQ18: =VLOOKUP($A18,DW_avgs_500ns!$A:$HH,COLUMN(HH18),FALSE) -> 0 | IR18: =VLOOKUP(A18,pkt_vol!A:H,COLUMN(C18),FALSE) -> 1009.1963414037662 | IS18: =VLOOKUP($A18,pkt_vol!A:H,COLUMN(D18),FALSE) -> 140.39619461252448 | IT18: =VLOOKUP($A18,pkt_vol!A:H,COLUMN(G18),FALSE) -> 0.081111926 | IU18: =VLOOKUP($A18,lig_contacts!$A:$U,COLUMN(B18),FALSE) -> 12.420477704410208 | IV18: =VLOOKUP($A18,lig_contacts!$A:$U,COLUMN(C18),FALSE) -> 1.5093841401872303 | IW18: =VLOOKUP($A18,lig_contacts!$A:$U,COLUMN(D18),FALSE) -> 1 | IX18: =VLOOKUP($A18,lig_contacts!$A:$U,COLUMN(E18),FALSE) -> 2.112496943017853 | IY18: =VLOOKUP($A18,lig_contacts!$A:$U,COLUMN(F18),FALSE) -> 0.8309824614257173 | IZ18: =VLOOKUP($A18,lig_contacts!$A:$U,COLUMN(G18),FALSE) -> 0.9872829542675472 | JA18: =VLOOKUP($A18,lig_contacts!$A:$U,COLUMN(H18),FALSE) -> 2.6226461237466374 | JB18: =VLOOKUP($A18,lig_contacts!$A:$U,COLUMN(I18),FALSE) -> 0.7812002409658727 | ... JN18: =VLOOKUP($A18,lig_contacts!$A:$U,COLUMN(U18),FALSE) -> 0.053445952 | JO18: 1.601 | JP18: 0.777 | JQ18: 0.9550000000000001 | JR18: 0.6769999999999999
A19: pair_3071_binder | B19: 3071 | C19: binder | D19: =IF(C19="Binder", 1,0) -> 1 | E19: 0.7561 | F19: MASELTPEERSELKNSIAEFHTYQLDPGSCSSLHAQRIHAPPELVWSIVRRFDKPQTYVHFIKSCSVEQNFEMRVGCTRDDILISGLPANTMTLRLDILDDERRVTGASVIGGEHRVTNLKTVTTVHRFEKENRIWTVVLKSYVVDMPEGNSEDDTRMILDTGVKLILQKLATVAEAMARN | G19: 0.3441 | H19: 0.0585 | I19: 0.5026 | J19: 0.1615 | K19: 0.6524 | L19: 0.1023 | M19: 0.3342 | N19: 0.0672 | O19: 7.7319 | P19: 1.3544 | Q19: 88.53 | R19: 1.31 | S19: 10.15 | T19: =VLOOKUP(A19,R_scores!A:T,3,FALSE) -> -0.0672 | U19: =VLOOKUP($A19,R_scores!$A:$T,4,FALSE) -> 0.1874 | V19: =VLOOKUP($A19,R_scores!$A:$T,5,FALSE) -> 0.0865 | W19: =VLOOKUP($A19,R_scores!$A:$T,6,FALSE) -> 0.3275 | X19: =VLOOKUP($A19,R_scores!$A:$T,7,FALSE) -> 0.0912 | Y19: =VLOOKUP($A19,R_scores!$A:$T,8,FALSE) -> 0.1229 | Z19: =VLOOKUP($A19,R_scores!$A:$T,9,FALSE) -> 0.1082 | AA19: =VLOOKUP($A19,R_scores!$A:$T,10,FALSE) -> 0.3127 | AB19: =VLOOKUP($A19,R_scores!$A:$T,11,FALSE) -> -0.0014 | AC19: =VLOOKUP($A19,R_scores!$A:$T,12,FALSE) -> -0.0123 | AD19: =VLOOKUP($A19,R_scores!$A:$T,13,FALSE) -> -0.0225 | AE19: =VLOOKUP($A19,R_scores!$A:$T,14,FALSE) -> -0.0184 | AF19: =VLOOKUP($A19,R_scores!$A:$T,15,FALSE) -> 0.1896 | AG19: =VLOOKUP($A19,R_scores!$A:$T,16,FALSE) -> -0.0408 | AH19: =VLOOKUP($A19,R_scores!$A:$T,17,FALSE) -> 0.0503 | AI19: =VLOOKUP($A19,R_scores!$A:$T,18,FALSE) -> 0.2558 | AJ19: =VLOOKUP($A19,R_scores!$A:$T,19,FALSE) -> -0.0121 | AK19: =VLOOKUP($A19,R_scores!$A:$T,20,FALSE) -> -0.0205 | AL19: =VLOOKUP($A19,DW_avgs_500ns!$A:$HH,COLUMN(C19),FALSE) -> 0 | AM19: =VLOOKUP($A19,DW_avgs_500ns!$A:$HH,COLUMN(D19),FALSE) -> 0 | AN19: =VLOOKUP($A19,DW_avgs_500ns!$A:$HH,COLUMN(E19),FALSE) -> 0 | AO19: =VLOOKUP($A19,DW_avgs_500ns!$A:$HH,COLUMN(F19),FALSE) -> 0 | AP19: =VLOOKUP($A19,DW_avgs_500ns!$A:$HH,COLUMN(G19),FALSE) -> 0 | AQ19: =VLOOKUP($A19,DW_avgs_500ns!$A:$HH,COLUMN(H19),FALSE) -> 0 | AR19: =VLOOKUP($A19,DW_avgs_500ns!$A:$HH,COLUMN(I19),FALSE) -> 0 | AS19: =VLOOKUP($A19,DW_avgs_500ns!$A:$HH,COLUMN(J19),FALSE) -> 0 | ... IQ19: =VLOOKUP($A19,DW_avgs_500ns!$A:$HH,COLUMN(HH19),FALSE) -> 0 | IR19: =VLOOKUP(A19,pkt_vol!A:H,COLUMN(C19),FALSE) -> 992.3658579929894 | IS19: =VLOOKUP($A19,pkt_vol!A:H,COLUMN(D19),FALSE) -> 117.1033416166729 | IT19: =VLOOKUP($A19,pkt_vol!A:H,COLUMN(G19),FALSE) -> 0.061139642944485206 | IU19: =VLOOKUP($A19,lig_contacts!$A:$U,COLUMN(B19),FALSE) -> 13.677997880492375 | IV19: =VLOOKUP($A19,lig_contacts!$A:$U,COLUMN(C19),FALSE) -> 1.7851066241916798 | IW19: =VLOOKUP($A19,lig_contacts!$A:$U,COLUMN(D19),FALSE) -> 1 | IX19: =VLOOKUP($A19,lig_contacts!$A:$U,COLUMN(E19),FALSE) -> 1.4494171354039291 | IY19: =VLOOKUP($A19,lig_contacts!$A:$U,COLUMN(F19),FALSE) -> 1.616268159341742 | IZ19: =VLOOKUP($A19,lig_contacts!$A:$U,COLUMN(G19),FALSE) -> 0.5818863617836472 | JA19: =VLOOKUP($A19,lig_contacts!$A:$U,COLUMN(H19),FALSE) -> 1.6374011575772398 | JB19: =VLOOKUP($A19,lig_contacts!$A:$U,COLUMN(I19),FALSE) -> 0.8314927263557507 | ... JN19: =VLOOKUP($A19,lig_contacts!$A:$U,COLUMN(U19),FALSE) -> 0.071893318 | JO19: 1.081 | JP19: 0.6619999999999999 | JQ19: 0.717 | JR19: 0.8160000000000001
A20: pair_3072_binder | B20: 3072 | C20: binder | D20: =IF(C20="Binder", 1,0) -> 1 | E20: 1.4118 | F20: MASELTPEERSELKNSIAEFHTYQLDPGSCSSLHAQRIHAPPELVWSIVRRFDKPQTYAHFIKSCSVEQNFEMRVGCTRDDILISGLPANTMTVRLDILDDERRVTGASVIGGEHRVTNLKTVTTVHRFEKENRIWTVVLKSYVVDMPEGNSEDDTRMILDTGYKLILQKLATVAEAMARN | G20: 0.3181 | H20: 0.0512 | I20: 0.4138 | J20: 0.0844 | K20: 0.706 | L20: 0.1357 | M20: 0.3655 | N20: 0.0735 | O20: 11.9486 | P20: 0.9039 | Q20: 0.8 | R20: 70.17 | S20: 29.02 | T20: =VLOOKUP(A20,R_scores!A:T,3,FALSE) -> -0.0932 | U20: =VLOOKUP($A20,R_scores!$A:$T,4,FALSE) -> -0.1853 | V20: =VLOOKUP($A20,R_scores!$A:$T,5,FALSE) -> -0.3105 | W20: =VLOOKUP($A20,R_scores!$A:$T,6,FALSE) -> 0.3211 | X20: =VLOOKUP($A20,R_scores!$A:$T,7,FALSE) -> 0.0077 | Y20: =VLOOKUP($A20,R_scores!$A:$T,8,FALSE) -> -0.0573 | Z20: =VLOOKUP($A20,R_scores!$A:$T,9,FALSE) -> 0.0996 | AA20: =VLOOKUP($A20,R_scores!$A:$T,10,FALSE) -> -0.2187 | AB20: =VLOOKUP($A20,R_scores!$A:$T,11,FALSE) -> 0.0194 | AC20: =VLOOKUP($A20,R_scores!$A:$T,12,FALSE) -> 0.1193 | AD20: =VLOOKUP($A20,R_scores!$A:$T,13,FALSE) -> -0.0528 | AE20: =VLOOKUP($A20,R_scores!$A:$T,14,FALSE) -> 0.2018 | AF20: =VLOOKUP($A20,R_scores!$A:$T,15,FALSE) -> 0.1073 | AG20: =VLOOKUP($A20,R_scores!$A:$T,16,FALSE) -> -0.0485 | AH20: =VLOOKUP($A20,R_scores!$A:$T,17,FALSE) -> 0.1607 | AI20: =VLOOKUP($A20,R_scores!$A:$T,18,FALSE) -> 0.4341 | AJ20: =VLOOKUP($A20,R_scores!$A:$T,19,FALSE) -> -0.0119 | AK20: =VLOOKUP($A20,R_scores!$A:$T,20,FALSE) -> 0.5203 | AL20: =VLOOKUP($A20,DW_avgs_500ns!$A:$HH,COLUMN(C20),FALSE) -> 0 | AM20: =VLOOKUP($A20,DW_avgs_500ns!$A:$HH,COLUMN(D20),FALSE) -> 0 | AN20: =VLOOKUP($A20,DW_avgs_500ns!$A:$HH,COLUMN(E20),FALSE) -> 0 | AO20: =VLOOKUP($A20,DW_avgs_500ns!$A:$HH,COLUMN(F20),FALSE) -> 0 | AP20: =VLOOKUP($A20,DW_avgs_500ns!$A:$HH,COLUMN(G20),FALSE) -> 0 | AQ20: =VLOOKUP($A20,DW_avgs_500ns!$A:$HH,COLUMN(H20),FALSE) -> 0 | AR20: =VLOOKUP($A20,DW_avgs_500ns!$A:$HH,COLUMN(I20),FALSE) -> 0 | AS20: =VLOOKUP($A20,DW_avgs_500ns!$A:$HH,COLUMN(J20),FALSE) -> 0 | ... IQ20: =VLOOKUP($A20,DW_avgs_500ns!$A:$HH,COLUMN(HH20),FALSE) -> 0 | IR20: =VLOOKUP(A20,pkt_vol!A:H,COLUMN(C20),FALSE) -> 870.7630651340997 | IS20: =VLOOKUP($A20,pkt_vol!A:H,COLUMN(D20),FALSE) -> 145.31854496792977 | IT20: =VLOOKUP($A20,pkt_vol!A:H,COLUMN(G20),FALSE) -> 0.2631450232330643 | IU20: =VLOOKUP($A20,lig_contacts!$A:$U,COLUMN(B20),FALSE) -> 12.221733105078666 | IV20: =VLOOKUP($A20,lig_contacts!$A:$U,COLUMN(C20),FALSE) -> 1.255456370467874 | IW20: =VLOOKUP($A20,lig_contacts!$A:$U,COLUMN(D20),FALSE) -> 1 | IX20: =VLOOKUP($A20,lig_contacts!$A:$U,COLUMN(E20),FALSE) -> 1.958262003749898 | IY20: =VLOOKUP($A20,lig_contacts!$A:$U,COLUMN(F20),FALSE) -> 0.3942430491439468 | IZ20: =VLOOKUP($A20,lig_contacts!$A:$U,COLUMN(G20),FALSE) -> 0.9967392190429608 | JA20: =VLOOKUP($A20,lig_contacts!$A:$U,COLUMN(H20),FALSE) -> 2.087062851552947 | JB20: =VLOOKUP($A20,lig_contacts!$A:$U,COLUMN(I20),FALSE) -> 0.5682430904774766 | ... JN20: =VLOOKUP($A20,lig_contacts!$A:$U,COLUMN(U20),FALSE) -> 0.04132617 | JO20: 3.258 | JP20: 0.5820000000000001 | JQ20: 0.66 | JR20: 0.589
A21: pair_3073_binder | B21: 3073 | C21: binder | D21: =IF(C21="Binder", 1,0) -> 1 | E21: 0.6316 | F21: MASELTPEERSELKNSIAEFHTYQLDPGSCSSLHAQRIHAPPELVWSIVRRFDKPQTYLHFIKSCSVEQNFEMRVGCTRDDILISGLPANTMTVRLDILDDERRVTGVSIIGGEHRLTNYKSVTTVHRFEKENRIWTVVLKSYVVDMPEGNSEDDTRMILDTGVKLILQKLATVAEAMARN | G21: 0.3031 | H21: 0.0532 | I21: 0.4434 | J21: 0.1131 | K21: 0.6868 | L21: 0.0745 | M21: 0.3762 | N21: 0.0835 | O21: 12.0772 | P21: 1.2109 | Q21: 2.44 | R21: 70.38 | S21: 27.17 | T21: =VLOOKUP(A21,R_scores!A:T,3,FALSE) -> -0.1448 | U21: =VLOOKUP($A21,R_scores!$A:$T,4,FALSE) -> -0.1255 | V21: =VLOOKUP($A21,R_scores!$A:$T,5,FALSE) -> 0.1065 | W21: =VLOOKUP($A21,R_scores!$A:$T,6,FALSE) -> 0.123 | X21: =VLOOKUP($A21,R_scores!$A:$T,7,FALSE) -> 0.0263 | Y21: =VLOOKUP($A21,R_scores!$A:$T,8,FALSE) -> -0.1037 | Z21: =VLOOKUP($A21,R_scores!$A:$T,9,FALSE) -> 0.1181 | AA21: =VLOOKUP($A21,R_scores!$A:$T,10,FALSE) -> 0.4522 | AB21: =VLOOKUP($A21,R_scores!$A:$T,11,FALSE) -> 0.1617 | AC21: =VLOOKUP($A21,R_scores!$A:$T,12,FALSE) -> 0.0898 | AD21: =VLOOKUP($A21,R_scores!$A:$T,13,FALSE) -> -0.0909 | AE21: =VLOOKUP($A21,R_scores!$A:$T,14,FALSE) -> -0.0286 | AF21: =VLOOKUP($A21,R_scores!$A:$T,15,FALSE) -> 0.6621 | AG21: =VLOOKUP($A21,R_scores!$A:$T,16,FALSE) -> 0.5795 | AH21: =VLOOKUP($A21,R_scores!$A:$T,17,FALSE) -> -0.1676 | AI21: =VLOOKUP($A21,R_scores!$A:$T,18,FALSE) -> -0.2289 | AJ21: =VLOOKUP($A21,R_scores!$A:$T,19,FALSE) -> -0.3259 | AK21: =VLOOKUP($A21,R_scores!$A:$T,20,FALSE) -> -0.0369 | AL21: =VLOOKUP($A21,DW_avgs_500ns!$A:$HH,COLUMN(C21),FALSE) -> 0 | AM21: =VLOOKUP($A21,DW_avgs_500ns!$A:$HH,COLUMN(D21),FALSE) -> 0 | AN21: =VLOOKUP($A21,DW_avgs_500ns!$A:$HH,COLUMN(E21),FALSE) -> 0 | AO21: =VLOOKUP($A21,DW_avgs_500ns!$A:$HH,COLUMN(F21),FALSE) -> 0 | AP21: =VLOOKUP($A21,DW_avgs_500ns!$A:$HH,COLUMN(G21),FALSE) -> 0 | AQ21: =VLOOKUP($A21,DW_avgs_500ns!$A:$HH,COLUMN(H21),FALSE) -> 0 | AR21: =VLOOKUP($A21,DW_avgs_500ns!$A:$HH,COLUMN(I21),FALSE) -> 0 | AS21: =VLOOKUP($A21,DW_avgs_500ns!$A:$HH,COLUMN(J21),FALSE) -> 0 | ... IQ21: =VLOOKUP($A21,DW_avgs_500ns!$A:$HH,COLUMN(HH21),FALSE) -> 0 | IR21: =VLOOKUP(A21,pkt_vol!A:H,COLUMN(C21),FALSE) -> 771.4624684111844 | IS21: =VLOOKUP($A21,pkt_vol!A:H,COLUMN(D21),FALSE) -> 146.4113013615614 | IT21: =VLOOKUP($A21,pkt_vol!A:H,COLUMN(G21),FALSE) -> 0.49906252547485125 | IU21: =VLOOKUP($A21,lig_contacts!$A:$U,COLUMN(B21),FALSE) -> 11.844379228825304 | IV21: =VLOOKUP($A21,lig_contacts!$A:$U,COLUMN(C21),FALSE) -> 1.3909043159025618 | IW21: =VLOOKUP($A21,lig_contacts!$A:$U,COLUMN(D21),FALSE) -> 1 | IX21: =VLOOKUP($A21,lig_contacts!$A:$U,COLUMN(E21),FALSE) -> 2.009945381918969 | IY21: =VLOOKUP($A21,lig_contacts!$A:$U,COLUMN(F21),FALSE) -> 0.2220403586684859 | IZ21: =VLOOKUP($A21,lig_contacts!$A:$U,COLUMN(G21),FALSE) -> 0.99951088 | JA21: =VLOOKUP($A21,lig_contacts!$A:$U,COLUMN(H21),FALSE) -> 2.7333496372381187 | JB21: =VLOOKUP($A21,lig_contacts!$A:$U,COLUMN(I21),FALSE) -> 0.4847714888285128 | ... JN21: =VLOOKUP($A21,lig_contacts!$A:$U,COLUMN(U21),FALSE) -> 0.035373242 | JO21: 1.0539999999999998 | JP21: 0.7689999999999999 | JQ21: 0.8799999999999999 | JR21: 0.606
A22: pair_3075_binder | B22: 3075 | C22: binder | D22: =IF(C22="Binder", 1,0) -> 1 | E22: 0.6604 | F22: MASELTPEERSELKNSIAEFHTYQLDPGSCSSLHAQRIHAPPELVWSIVRRFDKPQTYAHFIKSCSVEQNFEMRVGCTRDDILISGLPANTMTLRLDILDDERRVTGASVIGGEHRVTNLKTVTTVHRFEKENRIWTVVLKSYVVDMPEGNSEDDTRMIMDTGIKLILQKLATVAEAMARN | G22: 0.3031 | H22: 0.0463 | I22: 0.3622 | J22: 0.0664 | K22: 1.3558 | L22: 0.1375 | M22: 0.5313 | N22: 0.1502 | O22: 9.6017 | P22: 1.0389 | Q22: 46.53 | R22: 2.89 | S22: 50.58 | T22: =VLOOKUP(A22,R_scores!A:T,3,FALSE) -> -0.2143 | U22: =VLOOKUP($A22,R_scores!$A:$T,4,FALSE) -> -0.0575 | V22: =VLOOKUP($A22,R_scores!$A:$T,5,FALSE) -> -0.1434 | W22: =VLOOKUP($A22,R_scores!$A:$T,6,FALSE) -> 0.1644 | X22: =VLOOKUP($A22,R_scores!$A:$T,7,FALSE) -> 0.0712 | Y22: =VLOOKUP($A22,R_scores!$A:$T,8,FALSE) -> 0.1127 | Z22: =VLOOKUP($A22,R_scores!$A:$T,9,FALSE) -> 0.2156 | AA22: =VLOOKUP($A22,R_scores!$A:$T,10,FALSE) -> -0.1105 | AB22: =VLOOKUP($A22,R_scores!$A:$T,11,FALSE) -> -0.0106 | AC22: =VLOOKUP($A22,R_scores!$A:$T,12,FALSE) -> -0.0655 | AD22: =VLOOKUP($A22,R_scores!$A:$T,13,FALSE) -> -0.0495 | AE22: =VLOOKUP($A22,R_scores!$A:$T,14,FALSE) -> 0.0944 | AF22: =VLOOKUP($A22,R_scores!$A:$T,15,FALSE) -> 0.0641 | AG22: =VLOOKUP($A22,R_scores!$A:$T,16,FALSE) -> -0.0759 | AH22: =VLOOKUP($A22,R_scores!$A:$T,17,FALSE) -> 0.2542 | AI22: =VLOOKUP($A22,R_scores!$A:$T,18,FALSE) -> 0.4371 | AJ22: =VLOOKUP($A22,R_scores!$A:$T,19,FALSE) -> -0.0045 | AK22: =VLOOKUP($A22,R_scores!$A:$T,20,FALSE) -> 0.2325 | AL22: =VLOOKUP($A22,DW_avgs_500ns!$A:$HH,COLUMN(C22),FALSE) -> 0 | AM22: =VLOOKUP($A22,DW_avgs_500ns!$A:$HH,COLUMN(D22),FALSE) -> 0 | AN22: =VLOOKUP($A22,DW_avgs_500ns!$A:$HH,COLUMN(E22),FALSE) -> 0 | AO22: =VLOOKUP($A22,DW_avgs_500ns!$A:$HH,COLUMN(F22),FALSE) -> 0 | AP22: =VLOOKUP($A22,DW_avgs_500ns!$A:$HH,COLUMN(G22),FALSE) -> 0 | AQ22: =VLOOKUP($A22,DW_avgs_500ns!$A:$HH,COLUMN(H22),FALSE) -> 0 | AR22: =VLOOKUP($A22,DW_avgs_500ns!$A:$HH,COLUMN(I22),FALSE) -> 0 | AS22: =VLOOKUP($A22,DW_avgs_500ns!$A:$HH,COLUMN(J22),FALSE) -> 0 | ... IQ22: =VLOOKUP($A22,DW_avgs_500ns!$A:$HH,COLUMN(HH22),FALSE) -> 0 | IR22: =VLOOKUP(A22,pkt_vol!A:H,COLUMN(C22),FALSE) -> 899.8013418113638 | IS22: =VLOOKUP($A22,pkt_vol!A:H,COLUMN(D22),FALSE) -> 148.15368181318277 | IT22: =VLOOKUP($A22,pkt_vol!A:H,COLUMN(G22),FALSE) -> 0.19850004075976196 | IU22: =VLOOKUP($A22,lig_contacts!$A:$U,COLUMN(B22),FALSE) -> 13.21537458221244 | IV22: =VLOOKUP($A22,lig_contacts!$A:$U,COLUMN(C22),FALSE) -> 1.4112990209499103 | IW22: =VLOOKUP($A22,lig_contacts!$A:$U,COLUMN(D22),FALSE) -> 1 | IX22: =VLOOKUP($A22,lig_contacts!$A:$U,COLUMN(E22),FALSE) -> 1.4027879677182686 | IY22: =VLOOKUP($A22,lig_contacts!$A:$U,COLUMN(F22),FALSE) -> 0.8176352006800172 | IZ22: =VLOOKUP($A22,lig_contacts!$A:$U,COLUMN(G22),FALSE) -> 0.9378006 | JA22: =VLOOKUP($A22,lig_contacts!$A:$U,COLUMN(H22),FALSE) -> 2.4861009 | JB22: =VLOOKUP($A22,lig_contacts!$A:$U,COLUMN(I22),FALSE) -> 0.9114356494587152 | ... JN22: =VLOOKUP($A22,lig_contacts!$A:$U,COLUMN(U22),FALSE) -> 0.050777567 | JO22: 1.716 | JP22: 0.823 | JQ22: 0.748 | JR22: 0.6419999999999999
A23: pair_3076_binder | B23: 3076 | C23: binder | D23: =IF(C23="Binder", 1,0) -> 1 | E23: 0.7143 | F23: MASELTPEERSELKNSIAEFHTYQLDPGSCSSLHAQRIHAPPELVWSIVRRFDKPQTYVHFIKSCSVEQNFEMRVGCTRDDILISGLPANTMTVRLDILDDERRVTGHSIIGGEHRLTNYKSVTTVHRFEKENRIWTVVLKSYVVDMPEGNSEDDTRMILDTGVKLILQKLATVAEAMARN | G23: 0.3359 | H23: 0.0659 | I23: 0.4664 | J23: 0.1292 | K23: 0.7018 | L23: 0.1159 | M23: 0.4652 | N23: 0.1114 | O23: 11.1543 | P23: 1.1366 | Q23: 7.71 | R23: 41.37 | S23: 50.92 | T23: =VLOOKUP(A23,R_scores!A:T,3,FALSE) -> -0.1946 | U23: =VLOOKUP($A23,R_scores!$A:$T,4,FALSE) -> -0.013 | V23: =VLOOKUP($A23,R_scores!$A:$T,5,FALSE) -> -0.0544 | W23: =VLOOKUP($A23,R_scores!$A:$T,6,FALSE) -> 0.29 | X23: =VLOOKUP($A23,R_scores!$A:$T,7,FALSE) -> 0.0261 | Y23: =VLOOKUP($A23,R_scores!$A:$T,8,FALSE) -> -0.0677 | Z23: =VLOOKUP($A23,R_scores!$A:$T,9,FALSE) -> 0.179 | AA23: =VLOOKUP($A23,R_scores!$A:$T,10,FALSE) -> 0.2213 | AB23: =VLOOKUP($A23,R_scores!$A:$T,11,FALSE) -> 0.0877 | AC23: =VLOOKUP($A23,R_scores!$A:$T,12,FALSE) -> -0.0232 | AD23: =VLOOKUP($A23,R_scores!$A:$T,13,FALSE) -> -0.2735 | AE23: =VLOOKUP($A23,R_scores!$A:$T,14,FALSE) -> 0.0096 | AF23: =VLOOKUP($A23,R_scores!$A:$T,15,FALSE) -> 0.3661 | AG23: =VLOOKUP($A23,R_scores!$A:$T,16,FALSE) -> 0.2439 | AH23: =VLOOKUP($A23,R_scores!$A:$T,17,FALSE) -> -0.0082 | AI23: =VLOOKUP($A23,R_scores!$A:$T,18,FALSE) -> 0.0132 | AJ23: =VLOOKUP($A23,R_scores!$A:$T,19,FALSE) -> -0.169 | AK23: =VLOOKUP($A23,R_scores!$A:$T,20,FALSE) -> -0.1652 | AL23: =VLOOKUP($A23,DW_avgs_500ns!$A:$HH,COLUMN(C23),FALSE) -> 0 | AM23: =VLOOKUP($A23,DW_avgs_500ns!$A:$HH,COLUMN(D23),FALSE) -> 0 | AN23: =VLOOKUP($A23,DW_avgs_500ns!$A:$HH,COLUMN(E23),FALSE) -> 0 | AO23: =VLOOKUP($A23,DW_avgs_500ns!$A:$HH,COLUMN(F23),FALSE) -> 0 | AP23: =VLOOKUP($A23,DW_avgs_500ns!$A:$HH,COLUMN(G23),FALSE) -> 0 | AQ23: =VLOOKUP($A23,DW_avgs_500ns!$A:$HH,COLUMN(H23),FALSE) -> 0 | AR23: =VLOOKUP($A23,DW_avgs_500ns!$A:$HH,COLUMN(I23),FALSE) -> 0 | AS23: =VLOOKUP($A23,DW_avgs_500ns!$A:$HH,COLUMN(J23),FALSE) -> 0.0008 | ... IQ23: =VLOOKUP($A23,DW_avgs_500ns!$A:$HH,COLUMN(HH23),FALSE) -> 0 | IR23: =VLOOKUP(A23,pkt_vol!A:H,COLUMN(C23),FALSE) -> 860.9624969430178 | IS23: =VLOOKUP($A23,pkt_vol!A:H,COLUMN(D23),FALSE) -> 135.8511153475636 | IT23: =VLOOKUP($A23,pkt_vol!A:H,COLUMN(G23),FALSE) -> 0.2867041656476726 | IU23: =VLOOKUP($A23,lig_contacts!$A:$U,COLUMN(B23),FALSE) -> 11.607157 | IV23: =VLOOKUP($A23,lig_contacts!$A:$U,COLUMN(C23),FALSE) -> 1.2522382855569292 | IW23: =VLOOKUP($A23,lig_contacts!$A:$U,COLUMN(D23),FALSE) -> 1 | IX23: =VLOOKUP($A23,lig_contacts!$A:$U,COLUMN(E23),FALSE) -> 1.974810467106872 | IY23: =VLOOKUP($A23,lig_contacts!$A:$U,COLUMN(F23),FALSE) -> 0.5436229556003981 | IZ23: =VLOOKUP($A23,lig_contacts!$A:$U,COLUMN(G23),FALSE) -> 0.9993478438085922 | JA23: =VLOOKUP($A23,lig_contacts!$A:$U,COLUMN(H23),FALSE) -> 2.9029917665280838 | JB23: =VLOOKUP($A23,lig_contacts!$A:$U,COLUMN(I23),FALSE) -> 0.6323111676596255 | ... JN23: =VLOOKUP($A23,lig_contacts!$A:$U,COLUMN(U23),FALSE) -> 0.042737804 | JO23: 3.993 | JP23: 0.6819999999999999 | JQ23: 0.7589999999999999 | JR23: 0.907
A24: pair_3077_binder | B24: 3077 | C24: binder | D24: =IF(C24="Binder", 1,0) -> 1 | E24: 0.7042 | F24: MASELTPEERSELKNSIAEFHTYQLDPGSCSSLHAQRIHAPPELVWSIVRRFDKPQTYVHFIKSCSVEQNFEMRVGCTRDDILISGLPANTMTLRLDILDDERRVTGASVIGGEHRVTNLKTVTTVHRFEKENRIWTVVLKSYVVDMPEGNSEDDTRMIVDTGVKLLLQKLATVAEAMARN | G24: 0.3053 | H24: 0.0382 | I24: 0.476 | J24: 0.1164 | K24: 0.7814 | L24: 0.2102 | M24: 0.4838 | N24: 0.1381 | O24: 9.0709 | P24: 0.8263 | Q24: 73.33 | R24: 0.68 | S24: 25.99 | T24: =VLOOKUP(A24,R_scores!A:T,3,FALSE) -> -0.1243 | U24: =VLOOKUP($A24,R_scores!$A:$T,4,FALSE) -> 0.0209 | V24: =VLOOKUP($A24,R_scores!$A:$T,5,FALSE) -> -0.1004 | W24: =VLOOKUP($A24,R_scores!$A:$T,6,FALSE) -> 0.2404 | X24: =VLOOKUP($A24,R_scores!$A:$T,7,FALSE) -> 0.1163 | Y24: =VLOOKUP($A24,R_scores!$A:$T,8,FALSE) -> -0.0608 | Z24: =VLOOKUP($A24,R_scores!$A:$T,9,FALSE) -> 0.0811 | AA24: =VLOOKUP($A24,R_scores!$A:$T,10,FALSE) -> -0.218 | AB24: =VLOOKUP($A24,R_scores!$A:$T,11,FALSE) -> -0.0127 | AC24: =VLOOKUP($A24,R_scores!$A:$T,12,FALSE) -> -0.2482 | AD24: =VLOOKUP($A24,R_scores!$A:$T,13,FALSE) -> -0.3979 | AE24: =VLOOKUP($A24,R_scores!$A:$T,14,FALSE) -> 0.0495 | AF24: =VLOOKUP($A24,R_scores!$A:$T,15,FALSE) -> 0.0689 | AG24: =VLOOKUP($A24,R_scores!$A:$T,16,FALSE) -> 0.1761 | AH24: =VLOOKUP($A24,R_scores!$A:$T,17,FALSE) -> 0.1851 | AI24: =VLOOKUP($A24,R_scores!$A:$T,18,FALSE) -> 0.1461 | AJ24: =VLOOKUP($A24,R_scores!$A:$T,19,FALSE) -> 0.109 | AK24: =VLOOKUP($A24,R_scores!$A:$T,20,FALSE) -> 0.0256 | AL24: =VLOOKUP($A24,DW_avgs_500ns!$A:$HH,COLUMN(C24),FALSE) -> 0 | AM24: =VLOOKUP($A24,DW_avgs_500ns!$A:$HH,COLUMN(D24),FALSE) -> 0 | AN24: =VLOOKUP($A24,DW_avgs_500ns!$A:$HH,COLUMN(E24),FALSE) -> 0 | AO24: =VLOOKUP($A24,DW_avgs_500ns!$A:$HH,COLUMN(F24),FALSE) -> 0 | AP24: =VLOOKUP($A24,DW_avgs_500ns!$A:$HH,COLUMN(G24),FALSE) -> 0 | AQ24: =VLOOKUP($A24,DW_avgs_500ns!$A:$HH,COLUMN(H24),FALSE) -> 0 | AR24: =VLOOKUP($A24,DW_avgs_500ns!$A:$HH,COLUMN(I24),FALSE) -> 0 | AS24: =VLOOKUP($A24,DW_avgs_500ns!$A:$HH,COLUMN(J24),FALSE) -> 0 | ... IQ24: =VLOOKUP($A24,DW_avgs_500ns!$A:$HH,COLUMN(HH24),FALSE) -> 0 | IR24: =VLOOKUP(A24,pkt_vol!A:H,COLUMN(C24),FALSE) -> 936.0699510882856 | IS24: =VLOOKUP($A24,pkt_vol!A:H,COLUMN(D24),FALSE) -> 129.32154136545563 | IT24: =VLOOKUP($A24,pkt_vol!A:H,COLUMN(G24),FALSE) -> 0.12301296160430424 | IU24: =VLOOKUP($A24,lig_contacts!$A:$U,COLUMN(B24),FALSE) -> 14.213418113638216 | IV24: =VLOOKUP($A24,lig_contacts!$A:$U,COLUMN(C24),FALSE) -> 1.384128770898933 | IW24: =VLOOKUP($A24,lig_contacts!$A:$U,COLUMN(D24),FALSE) -> 1 | IX24: =VLOOKUP($A24,lig_contacts!$A:$U,COLUMN(E24),FALSE) -> 1.2170864922148854 | IY24: =VLOOKUP($A24,lig_contacts!$A:$U,COLUMN(F24),FALSE) -> 0.4807281872921611 | IZ24: =VLOOKUP($A24,lig_contacts!$A:$U,COLUMN(G24),FALSE) -> 0.97962012 | JA24: =VLOOKUP($A24,lig_contacts!$A:$U,COLUMN(H24),FALSE) -> 2.033341485285726 | JB24: =VLOOKUP($A24,lig_contacts!$A:$U,COLUMN(I24),FALSE) -> 0.8740418052955284 | ... JN24: =VLOOKUP($A24,lig_contacts!$A:$U,COLUMN(U24),FALSE) -> 0.052598659 | JO24: 1.263 | JP24: 0.7130000000000001 | JQ24: 0.77 | JR24: 0.7090000000000001
A25: pair_3078_binder | B25: 3078 | C25: binder | D25: =IF(C25="Binder", 1,0) -> 1 | E25: 0.6923 | F25: MASELTPEERSELKNSIAEFHTYQLDPGSCSSLHAQRIHAPPELVWSIVRRFDKPQTYVHFIKSCSVEQNFEMRVGCTRDDILISGLPANTMTVRLDILDDERRVTGASVIGGEHRVTNLKTVTTVHRFEKENRIWTVVLKSYVVDMPEGNSEDDTRMHMDTIFKLALQKLATVAEAMARN | G25: 0.3259 | H25: 0.0634 | I25: 0.341 | J25: 0.0677 | K25: 0.5431 | L25: 0.0843 | M25: 0.3153 | N25: 0.0549 | O25: 10.3232 | P25: 0.862 | Q25: 15.83 | R25: 10.12 | S25: 74.04 | T25: =VLOOKUP(A25,R_scores!A:T,3,FALSE) -> -0.5321 | U25: =VLOOKUP($A25,R_scores!$A:$T,4,FALSE) -> 0.328 | V25: =VLOOKUP($A25,R_scores!$A:$T,5,FALSE) -> 0.0398 | W25: =VLOOKUP($A25,R_scores!$A:$T,6,FALSE) -> 0.1371 | X25: =VLOOKUP($A25,R_scores!$A:$T,7,FALSE) -> 0.0116 | Y25: =VLOOKUP($A25,R_scores!$A:$T,8,FALSE) -> 0.1379 | Z25: =VLOOKUP($A25,R_scores!$A:$T,9,FALSE) -> 0.4004 | AA25: =VLOOKUP($A25,R_scores!$A:$T,10,FALSE) -> 0.5376 | AB25: =VLOOKUP($A25,R_scores!$A:$T,11,FALSE) -> 0.3066 | AC25: =VLOOKUP($A25,R_scores!$A:$T,12,FALSE) -> -0.1625 | AD25: =VLOOKUP($A25,R_scores!$A:$T,13,FALSE) -> -0.3552 | AE25: =VLOOKUP($A25,R_scores!$A:$T,14,FALSE) -> -0.1551 | AF25: =VLOOKUP($A25,R_scores!$A:$T,15,FALSE) -> 0.5055 | AG25: =VLOOKUP($A25,R_scores!$A:$T,16,FALSE) -> 0.1688 | AH25: =VLOOKUP($A25,R_scores!$A:$T,17,FALSE) -> -0.2191 | AI25: =VLOOKUP($A25,R_scores!$A:$T,18,FALSE) -> 0.0549 | AJ25: =VLOOKUP($A25,R_scores!$A:$T,19,FALSE) -> 0.4108 | AK25: =VLOOKUP($A25,R_scores!$A:$T,20,FALSE) -> 0.5948 | AL25: =VLOOKUP($A25,DW_avgs_500ns!$A:$HH,COLUMN(C25),FALSE) -> 0 | AM25: =VLOOKUP($A25,DW_avgs_500ns!$A:$HH,COLUMN(D25),FALSE) -> 0 | AN25: =VLOOKUP($A25,DW_avgs_500ns!$A:$HH,COLUMN(E25),FALSE) -> 0 | AO25: =VLOOKUP($A25,DW_avgs_500ns!$A:$HH,COLUMN(F25),FALSE) -> 0 | AP25: =VLOOKUP($A25,DW_avgs_500ns!$A:$HH,COLUMN(G25),FALSE) -> 0 | AQ25: =VLOOKUP($A25,DW_avgs_500ns!$A:$HH,COLUMN(H25),FALSE) -> 0 | AR25: =VLOOKUP($A25,DW_avgs_500ns!$A:$HH,COLUMN(I25),FALSE) -> 0 | AS25: =VLOOKUP($A25,DW_avgs_500ns!$A:$HH,COLUMN(J25),FALSE) -> 0 | ... IQ25: =VLOOKUP($A25,DW_avgs_500ns!$A:$HH,COLUMN(HH25),FALSE) -> 0 | IR25: =VLOOKUP(A25,pkt_vol!A:H,COLUMN(C25),FALSE) -> 1014.9809863862395 | IS25: =VLOOKUP($A25,pkt_vol!A:H,COLUMN(D25),FALSE) -> 99.52052273277133 | IT25: =VLOOKUP($A25,pkt_vol!A:H,COLUMN(G25),FALSE) -> 0.033504524333577895 | IU25: =VLOOKUP($A25,lig_contacts!$A:$U,COLUMN(B25),FALSE) -> 14.848292165973753 | IV25: =VLOOKUP($A25,lig_contacts!$A:$U,COLUMN(C25),FALSE) -> 1.4072988568970988 | IW25: =VLOOKUP($A25,lig_contacts!$A:$U,COLUMN(D25),FALSE) -> 1 | IX25: =VLOOKUP($A25,lig_contacts!$A:$U,COLUMN(E25),FALSE) -> 1.3366756338142984 | IY25: =VLOOKUP($A25,lig_contacts!$A:$U,COLUMN(F25),FALSE) -> 0.5739891737321055 | IZ25: =VLOOKUP($A25,lig_contacts!$A:$U,COLUMN(G25),FALSE) -> 0.96755523 | JA25: =VLOOKUP($A25,lig_contacts!$A:$U,COLUMN(H25),FALSE) -> 2.595337083231434 | JB25: =VLOOKUP($A25,lig_contacts!$A:$U,COLUMN(I25),FALSE) -> 0.7846895001034357 | ... JN25: =VLOOKUP($A25,lig_contacts!$A:$U,COLUMN(U25),FALSE) -> 0.045052686 | JO25: 2.5679999999999996 | JP25: 0.514 | JQ25: 0.691 | JR25: 0.922
A26: pair_3079_binder | B26: 3079 | C26: binder | D26: =IF(C26="Binder", 1,0) -> 1 | E26: 0.5833 | F26: MASELTPEERSELKNSIAEFHTYQLDPGSCSSLHAQRIHAPPELVWSIVRRFDKPQTYVHFIKSCSVEQNFEMRVGCTRDDILISGLPANTMTVRLDILDDERRVTGVSIIGGEHRLTNYKSVTTVHRFEKENRIWTVVLKSYVVDMPEGNSEDDTRMIMDTGIKLILQKLATVAEAMARN | G26: 0.3509 | H26: 0.059 | I26: 0.79 | J26: 0.3419 | K26: 0.6536 | L26: 0.119 | M26: 0.5168 | N26: 0.1061 | O26: 10.8583 | P26: 0.8179 | Q26: 5.26 | R26: 17.08 | S26: 77.66 | T26: =VLOOKUP(A26,R_scores!A:T,3,FALSE) -> -0.5572 | U26: =VLOOKUP($A26,R_scores!$A:$T,4,FALSE) -> 0.1029 | V26: =VLOOKUP($A26,R_scores!$A:$T,5,FALSE) -> 0.1181 | W26: =VLOOKUP($A26,R_scores!$A:$T,6,FALSE) -> 0.3573 | X26: =VLOOKUP($A26,R_scores!$A:$T,7,FALSE) -> 0.0034 | Y26: =VLOOKUP($A26,R_scores!$A:$T,8,FALSE) -> 0.1287 | Z26: =VLOOKUP($A26,R_scores!$A:$T,9,FALSE) -> 0.2249 | AA26: =VLOOKUP($A26,R_scores!$A:$T,10,FALSE) -> 0.1159 | AB26: =VLOOKUP($A26,R_scores!$A:$T,11,FALSE) -> 0.1492 | AC26: =VLOOKUP($A26,R_scores!$A:$T,12,FALSE) -> -0.0189 | AD26: =VLOOKUP($A26,R_scores!$A:$T,13,FALSE) -> -0.1711 | AE26: =VLOOKUP($A26,R_scores!$A:$T,14,FALSE) -> 0.2012 | AF26: =VLOOKUP($A26,R_scores!$A:$T,15,FALSE) -> 0.0973 | AG26: =VLOOKUP($A26,R_scores!$A:$T,16,FALSE) -> -0.3811 | AH26: =VLOOKUP($A26,R_scores!$A:$T,17,FALSE) -> 0.2357 | AI26: =VLOOKUP($A26,R_scores!$A:$T,18,FALSE) -> 0.373 | AJ26: =VLOOKUP($A26,R_scores!$A:$T,19,FALSE) -> 0.1306 | AK26: =VLOOKUP($A26,R_scores!$A:$T,20,FALSE) -> -0.1911 | AL26: =VLOOKUP($A26,DW_avgs_500ns!$A:$HH,COLUMN(C26),FALSE) -> 0 | AM26: =VLOOKUP($A26,DW_avgs_500ns!$A:$HH,COLUMN(D26),FALSE) -> 0 | AN26: =VLOOKUP($A26,DW_avgs_500ns!$A:$HH,COLUMN(E26),FALSE) -> 0 | AO26: =VLOOKUP($A26,DW_avgs_500ns!$A:$HH,COLUMN(F26),FALSE) -> 0 | AP26: =VLOOKUP($A26,DW_avgs_500ns!$A:$HH,COLUMN(G26),FALSE) -> 0 | AQ26: =VLOOKUP($A26,DW_avgs_500ns!$A:$HH,COLUMN(H26),FALSE) -> 0 | AR26: =VLOOKUP($A26,DW_avgs_500ns!$A:$HH,COLUMN(I26),FALSE) -> 0 | AS26: =VLOOKUP($A26,DW_avgs_500ns!$A:$HH,COLUMN(J26),FALSE) -> 0 | ... IQ26: =VLOOKUP($A26,DW_avgs_500ns!$A:$HH,COLUMN(HH26),FALSE) -> 0 | IR26: =VLOOKUP(A26,pkt_vol!A:H,COLUMN(C26),FALSE) -> 892.6242210809489 | IS26: =VLOOKUP($A26,pkt_vol!A:H,COLUMN(D26),FALSE) -> 82.73817514485586 | IT26: =VLOOKUP($A26,pkt_vol!A:H,COLUMN(G26),FALSE) -> 0.098557104 | IU26: =VLOOKUP($A26,lig_contacts!$A:$U,COLUMN(B26),FALSE) -> 13.923371647509578 | IV26: =VLOOKUP($A26,lig_contacts!$A:$U,COLUMN(C26),FALSE) -> 1.325175869736067 | IW26: =VLOOKUP($A26,lig_contacts!$A:$U,COLUMN(D26),FALSE) -> 1 | IX26: =VLOOKUP($A26,lig_contacts!$A:$U,COLUMN(E26),FALSE) -> 2.7688106 | IY26: =VLOOKUP($A26,lig_contacts!$A:$U,COLUMN(F26),FALSE) -> 0.7690064430945799 | IZ26: =VLOOKUP($A26,lig_contacts!$A:$U,COLUMN(G26),FALSE) -> 0.99991848 | JA26: =VLOOKUP($A26,lig_contacts!$A:$U,COLUMN(H26),FALSE) -> 2.443058612537703 | JB26: =VLOOKUP($A26,lig_contacts!$A:$U,COLUMN(I26),FALSE) -> 0.7044199185197478 | ... JN26: =VLOOKUP($A26,lig_contacts!$A:$U,COLUMN(U26),FALSE) -> 0.044705555 | JO26: 2.906 | JP26: 0.7969999999999999 | JQ26: 0.969 | JR26: 1.076
A27: pair_3080_binder | B27: 3080 | C27: binder | D27: =IF(C27="Binder", 1,0) -> 1 | E27: 0.6111 | F27: MASELTPEERSELKNSIAEFHTYQLDPGSCSSLHAQRIHAPPELVWSIVRRFDKPQTYVHFIKSCSVEQNFEMRVGCTRDDILISGLPANTMTVRLDILDDERRVTGASVIGGEHRVTNLKTVTTVHRFEKENRIWTVVLKSYVVDMPEGNSEDDTRMFVDTFVKLALQKLATVAEAMARN | G27: 0.3701 | H27: 0.0656 | I27: 0.6662 | J27: 0.261 | K27: 0.6658 | L27: 0.1496 | M27: 0.5767 | N27: 0.1521 | O27: 10.796 | P27: 1.5764 | Q27: 23.59 | R27: 35.28 | S27: 41.14 | T27: =VLOOKUP(A27,R_scores!A:T,3,FALSE) -> -0.4459 | U27: =VLOOKUP($A27,R_scores!$A:$T,4,FALSE) -> 0.3589 | V27: =VLOOKUP($A27,R_scores!$A:$T,5,FALSE) -> 0.0352 | W27: =VLOOKUP($A27,R_scores!$A:$T,6,FALSE) -> 0.2362 | X27: =VLOOKUP($A27,R_scores!$A:$T,7,FALSE) -> 0.0306 | Y27: =VLOOKUP($A27,R_scores!$A:$T,8,FALSE) -> -0.0645 | Z27: =VLOOKUP($A27,R_scores!$A:$T,9,FALSE) -> -0.0178 | AA27: =VLOOKUP($A27,R_scores!$A:$T,10,FALSE) -> 0.0581 | AB27: =VLOOKUP($A27,R_scores!$A:$T,11,FALSE) -> -0.0076 | AC27: =VLOOKUP($A27,R_scores!$A:$T,12,FALSE) -> -0.1049 | AD27: =VLOOKUP($A27,R_scores!$A:$T,13,FALSE) -> -0.3219 | AE27: =VLOOKUP($A27,R_scores!$A:$T,14,FALSE) -> 0.0757 | AF27: =VLOOKUP($A27,R_scores!$A:$T,15,FALSE) -> 0.1693 | AG27: =VLOOKUP($A27,R_scores!$A:$T,16,FALSE) -> 0.1139 | AH27: =VLOOKUP($A27,R_scores!$A:$T,17,FALSE) -> 0.0132 | AI27: =VLOOKUP($A27,R_scores!$A:$T,18,FALSE) -> 0.1392 | AJ27: =VLOOKUP($A27,R_scores!$A:$T,19,FALSE) -> 0.263 | AK27: =VLOOKUP($A27,R_scores!$A:$T,20,FALSE) -> 0.2911 | AL27: =VLOOKUP($A27,DW_avgs_500ns!$A:$HH,COLUMN(C27),FALSE) -> 0 | AM27: =VLOOKUP($A27,DW_avgs_500ns!$A:$HH,COLUMN(D27),FALSE) -> 0 | AN27: =VLOOKUP($A27,DW_avgs_500ns!$A:$HH,COLUMN(E27),FALSE) -> 0 | AO27: =VLOOKUP($A27,DW_avgs_500ns!$A:$HH,COLUMN(F27),FALSE) -> 0 | AP27: =VLOOKUP($A27,DW_avgs_500ns!$A:$HH,COLUMN(G27),FALSE) -> 0 | AQ27: =VLOOKUP($A27,DW_avgs_500ns!$A:$HH,COLUMN(H27),FALSE) -> 0 | AR27: =VLOOKUP($A27,DW_avgs_500ns!$A:$HH,COLUMN(I27),FALSE) -> 0 | AS27: =VLOOKUP($A27,DW_avgs_500ns!$A:$HH,COLUMN(J27),FALSE) -> 0 | ... IQ27: =VLOOKUP($A27,DW_avgs_500ns!$A:$HH,COLUMN(HH27),FALSE) -> 0 | IR27: =VLOOKUP(A27,pkt_vol!A:H,COLUMN(C27),FALSE) -> 1063.6218064726502 | IS27: =VLOOKUP($A27,pkt_vol!A:H,COLUMN(D27),FALSE) -> 117.57296058343726 | IT27: =VLOOKUP($A27,pkt_vol!A:H,COLUMN(G27),FALSE) -> 0.031140458139724464 | IU27: =VLOOKUP($A27,lig_contacts!$A:$U,COLUMN(B27),FALSE) -> 12.196951169805168 | IV27: =VLOOKUP($A27,lig_contacts!$A:$U,COLUMN(C27),FALSE) -> 1.3889760917069065 | IW27: =VLOOKUP($A27,lig_contacts!$A:$U,COLUMN(D27),FALSE) -> 1 | IX27: =VLOOKUP($A27,lig_contacts!$A:$U,COLUMN(E27),FALSE) -> 1.6718023966740034 | IY27: =VLOOKUP($A27,lig_contacts!$A:$U,COLUMN(F27),FALSE) -> 0.7290832872852107 | IZ27: =VLOOKUP($A27,lig_contacts!$A:$U,COLUMN(G27),FALSE) -> 0.9720388032933888 | JA27: =VLOOKUP($A27,lig_contacts!$A:$U,COLUMN(H27),FALSE) -> 2.909268769870384 | JB27: =VLOOKUP($A27,lig_contacts!$A:$U,COLUMN(I27),FALSE) -> 0.7772136051866336 | ... JN27: =VLOOKUP($A27,lig_contacts!$A:$U,COLUMN(U27),FALSE) -> 0.049443059 | JO27: 3.1550000000000002 | JP27: 0.674 | JQ27: 1.04 | JR27: 1.132
A28: pair_3085_binder | B28: 3085 | C28: binder | D28: =IF(C28="Binder", 1,0) -> 1 | E28: 0.5975 | F28: MASELTPEERSELKNSIAEFHTYQLDPGSCSSLHAQRIHAPPELVWSIVRRFDKPQTYAHFIKSCSVEQNFEMRVGCTRDDILISGLPANTMTVRLDILDDERRVTGASVIGGEHRVTNLKTVTTVHRFEKENRIWTVVLKSYVVDMPEGNSEDDTRMILDTGVKLILQKLATVAEAMARN | G28: 0.2957 | H28: 0.0359 | I28: 0.318 | J28: 0.0884 | K28: 0.636 | L28: 0.1235 | M28: 0.4122 | N28: 0.1136 | O28: 9.1516 | P28: 0.9243 | Q28: 76.12 | R28: 3.67 | S28: 20.2 | T28: =VLOOKUP(A28,R_scores!A:T,3,FALSE) -> -0.2972 | U28: =VLOOKUP($A28,R_scores!$A:$T,4,FALSE) -> -0.0267 | V28: =VLOOKUP($A28,R_scores!$A:$T,5,FALSE) -> -0.0968 | W28: =VLOOKUP($A28,R_scores!$A:$T,6,FALSE) -> 0.3551 | X28: =VLOOKUP($A28,R_scores!$A:$T,7,FALSE) -> 0.0655 | Y28: =VLOOKUP($A28,R_scores!$A:$T,8,FALSE) -> -0.0834 | Z28: =VLOOKUP($A28,R_scores!$A:$T,9,FALSE) -> -0.0821 | AA28: =VLOOKUP($A28,R_scores!$A:$T,10,FALSE) -> -0.3176 | AB28: =VLOOKUP($A28,R_scores!$A:$T,11,FALSE) -> -0.0193 | AC28: =VLOOKUP($A28,R_scores!$A:$T,12,FALSE) -> -0.5083 | AD28: =VLOOKUP($A28,R_scores!$A:$T,13,FALSE) -> -0.5485 | AE28: =VLOOKUP($A28,R_scores!$A:$T,14,FALSE) -> -0.0554 | AF28: =VLOOKUP($A28,R_scores!$A:$T,15,FALSE) -> -0.0344 | AG28: =VLOOKUP($A28,R_scores!$A:$T,16,FALSE) -> -0.0882 | AH28: =VLOOKUP($A28,R_scores!$A:$T,17,FALSE) -> 0.1148 | AI28: =VLOOKUP($A28,R_scores!$A:$T,18,FALSE) -> 0.2026 | AJ28: =VLOOKUP($A28,R_scores!$A:$T,19,FALSE) -> -0.0263 | AK28: =VLOOKUP($A28,R_scores!$A:$T,20,FALSE) -> 0.0213 | AL28: =VLOOKUP($A28,DW_avgs_500ns!$A:$HH,COLUMN(C28),FALSE) -> 0 | AM28: =VLOOKUP($A28,DW_avgs_500ns!$A:$HH,COLUMN(D28),FALSE) -> 0 | AN28: =VLOOKUP($A28,DW_avgs_500ns!$A:$HH,COLUMN(E28),FALSE) -> 0 | AO28: =VLOOKUP($A28,DW_avgs_500ns!$A:$HH,COLUMN(F28),FALSE) -> 0.0016 | AP28: =VLOOKUP($A28,DW_avgs_500ns!$A:$HH,COLUMN(G28),FALSE) -> 0 | AQ28: =VLOOKUP($A28,DW_avgs_500ns!$A:$HH,COLUMN(H28),FALSE) -> 0.0016 | AR28: =VLOOKUP($A28,DW_avgs_500ns!$A:$HH,COLUMN(I28),FALSE) -> 0 | AS28: =VLOOKUP($A28,DW_avgs_500ns!$A:$HH,COLUMN(J28),FALSE) -> 0.009 | ... IQ28: =VLOOKUP($A28,DW_avgs_500ns!$A:$HH,COLUMN(HH28),FALSE) -> 0 | IR28: =VLOOKUP(A28,pkt_vol!A:H,COLUMN(C28),FALSE) -> 989.8412317600066 | IS28: =VLOOKUP($A28,pkt_vol!A:H,COLUMN(D28),FALSE) -> 170.99907537333334 | IT28: =VLOOKUP($A28,pkt_vol!A:H,COLUMN(G28),FALSE) -> 0.12700741827667728 | IU28: =VLOOKUP($A28,lig_contacts!$A:$U,COLUMN(B28),FALSE) -> 14.163446645471591 | IV28: =VLOOKUP($A28,lig_contacts!$A:$U,COLUMN(C28),FALSE) -> 1.6119228840191375 | IW28: =VLOOKUP($A28,lig_contacts!$A:$U,COLUMN(D28),FALSE) -> 1 | IX28: =VLOOKUP($A28,lig_contacts!$A:$U,COLUMN(E28),FALSE) -> 1.1209749735061547 | IY28: =VLOOKUP($A28,lig_contacts!$A:$U,COLUMN(F28),FALSE) -> 0.4724817738296321 | IZ28: =VLOOKUP($A28,lig_contacts!$A:$U,COLUMN(G28),FALSE) -> 0.9532893127904132 | JA28: =VLOOKUP($A28,lig_contacts!$A:$U,COLUMN(H28),FALSE) -> 1.355751202412978 | JB28: =VLOOKUP($A28,lig_contacts!$A:$U,COLUMN(I28),FALSE) -> 0.7677946210722834 | ... JN28: =VLOOKUP($A28,lig_contacts!$A:$U,COLUMN(U28),FALSE) -> 0.047091151 | JO28: 1.214 | JP28: 0.7889999999999999 | JQ28: 0.726 | JR28: 1.2089999999999999
A29: pair_3086_binder | B29: 3086 | C29: binder | D29: =IF(C29="Binder", 1,0) -> 1 | E29: 0.5854 | F29: MASELTPEERSELKNSIAEFHTYQLDPGSCSSLHAQRIHAPPELVWSIVRRFDKPQTYAHFIKSCSVEQNFEMRVGCTRDDILISGLPANTMTVRLDILDDERRVTGASVIGGEHRVTNLKTVTTVHRFEKENRIWTVVLKSYVVDMPEGNSEDDTRMIVDTGVKLLLQKLATVAEAMARN | G29: 0.2747 | H29: 0.0498 | I29: 0.3078 | J29: 0.063 | K29: 0.5054 | L29: 0.1053 | M29: 0.55 | N29: 0.1252 | O29: 7.5324 | P29: 0.9121 | Q29: 99.39 | R29: 0 | S29: 0.61 | T29: =VLOOKUP(A29,R_scores!A:T,3,FALSE) -> -0.2526 | U29: =VLOOKUP($A29,R_scores!$A:$T,4,FALSE) -> 0.2391 | V29: =VLOOKUP($A29,R_scores!$A:$T,5,FALSE) -> -0.0439 | W29: =VLOOKUP($A29,R_scores!$A:$T,6,FALSE) -> 0.2311 | X29: =VLOOKUP($A29,R_scores!$A:$T,7,FALSE) -> 0.0242 | Y29: =VLOOKUP($A29,R_scores!$A:$T,8,FALSE) -> 0.0021 | Z29: =VLOOKUP($A29,R_scores!$A:$T,9,FALSE) -> 0.3193 | AA29: =VLOOKUP($A29,R_scores!$A:$T,10,FALSE) -> 0.0757 | AB29: =VLOOKUP($A29,R_scores!$A:$T,11,FALSE) -> -0.0394 | AC29: =VLOOKUP($A29,R_scores!$A:$T,12,FALSE) -> -0.0009 | AD29: =VLOOKUP($A29,R_scores!$A:$T,13,FALSE) -> -0.0019 | AE29: =VLOOKUP($A29,R_scores!$A:$T,14,FALSE) -> 0.0699 | AF29: =VLOOKUP($A29,R_scores!$A:$T,15,FALSE) -> 0.401 | AG29: =VLOOKUP($A29,R_scores!$A:$T,16,FALSE) -> -0.2296 | AH29: =VLOOKUP($A29,R_scores!$A:$T,17,FALSE) -> 0.2671 | AI29: =VLOOKUP($A29,R_scores!$A:$T,18,FALSE) -> 0.2293 | AJ29: =VLOOKUP($A29,R_scores!$A:$T,19,FALSE) -> 0.4338 | AK29: =VLOOKUP($A29,R_scores!$A:$T,20,FALSE) -> 0.0171 | AL29: =VLOOKUP($A29,DW_avgs_500ns!$A:$HH,COLUMN(C29),FALSE) -> 0 | AM29: =VLOOKUP($A29,DW_avgs_500ns!$A:$HH,COLUMN(D29),FALSE) -> 0 | AN29: =VLOOKUP($A29,DW_avgs_500ns!$A:$HH,COLUMN(E29),FALSE) -> 0 | AO29: =VLOOKUP($A29,DW_avgs_500ns!$A:$HH,COLUMN(F29),FALSE) -> 0 | AP29: =VLOOKUP($A29,DW_avgs_500ns!$A:$HH,COLUMN(G29),FALSE) -> 0 | AQ29: =VLOOKUP($A29,DW_avgs_500ns!$A:$HH,COLUMN(H29),FALSE) -> 0 | AR29: =VLOOKUP($A29,DW_avgs_500ns!$A:$HH,COLUMN(I29),FALSE) -> 0 | AS29: =VLOOKUP($A29,DW_avgs_500ns!$A:$HH,COLUMN(J29),FALSE) -> 0.0016 | ... IQ29: =VLOOKUP($A29,DW_avgs_500ns!$A:$HH,COLUMN(HH29),FALSE) -> 0 | IR29: =VLOOKUP(A29,pkt_vol!A:H,COLUMN(C29),FALSE) -> 1005.148483736855 | IS29: =VLOOKUP($A29,pkt_vol!A:H,COLUMN(D29),FALSE) -> 154.19229 | IT29: =VLOOKUP($A29,pkt_vol!A:H,COLUMN(G29),FALSE) -> 0.10238852205103122 | IU29: =VLOOKUP($A29,lig_contacts!$A:$U,COLUMN(B29),FALSE) -> 13.503220021195077 | IV29: =VLOOKUP($A29,lig_contacts!$A:$U,COLUMN(C29),FALSE) -> 1.3344524164411262 | IW29: =VLOOKUP($A29,lig_contacts!$A:$U,COLUMN(D29),FALSE) -> 1 | IX29: =VLOOKUP($A29,lig_contacts!$A:$U,COLUMN(E29),FALSE) -> 2.4584658025597133 | IY29: =VLOOKUP($A29,lig_contacts!$A:$U,COLUMN(F29),FALSE) -> 0.9015980995733802 | IZ29: =VLOOKUP($A29,lig_contacts!$A:$U,COLUMN(G29),FALSE) -> 0.9895655009374744 | JA29: =VLOOKUP($A29,lig_contacts!$A:$U,COLUMN(H29),FALSE) -> 1.020624439553273 | JB29: =VLOOKUP($A29,lig_contacts!$A:$U,COLUMN(I29),FALSE) -> 0.2329683091054363 | ... JN29: =VLOOKUP($A29,lig_contacts!$A:$U,COLUMN(U29),FALSE) -> 0.05031932 | JO29: 0.827 | JP29: 0.7589999999999999 | JQ29: 0.634 | JR29: 0.987
A30: pair_3087_binder | B30: 3087 | C30: binder | D30: =IF(C30="Binder", 1,0) -> 1 | E30: 0.5909 | F30: MASELTPEERSELKNSIAEFHTYQLDPGSCSSLHAQRIHAPPELVWSIVRRFDKPQTYVHFIKSCSVEQNFEMRVGCTRDDILISGLPANTMTVRLDILDDERRVTGHSIIGGEHRLTNYKSVTTVHRFEKENRIWTVVLKSYVVDMPEGNSEDDTRMIVDTGVKLLLQKLATVAEAMARN | G30: 0.3926 | H30: 0.087 | I30: 0.5084 | J30: 0.0509 | K30: 0.513 | L30: 0.0942 | M30: 0.5725 | N30: 0.1207 | O30: 11.4284 | P30: 1.644 | Q30: 12.79 | R30: 53.75 | S30: 33.46 | T30: =VLOOKUP(A30,R_scores!A:T,3,FALSE) -> 0.0003 | U30: =VLOOKUP($A30,R_scores!$A:$T,4,FALSE) -> -0.0707 | V30: =VLOOKUP($A30,R_scores!$A:$T,5,FALSE) -> -0.0261 | W30: =VLOOKUP($A30,R_scores!$A:$T,6,FALSE) -> 0.3162 | X30: =VLOOKUP($A30,R_scores!$A:$T,7,FALSE) -> 0.0126 | Y30: =VLOOKUP($A30,R_scores!$A:$T,8,FALSE) -> -0.2007 | Z30: =VLOOKUP($A30,R_scores!$A:$T,9,FALSE) -> 0.0501 | AA30: =VLOOKUP($A30,R_scores!$A:$T,10,FALSE) -> -0.1493 | AB30: =VLOOKUP($A30,R_scores!$A:$T,11,FALSE) -> 0.0721 | AC30: =VLOOKUP($A30,R_scores!$A:$T,12,FALSE) -> -0.0131 | AD30: =VLOOKUP($A30,R_scores!$A:$T,13,FALSE) -> -0.0456 | AE30: =VLOOKUP($A30,R_scores!$A:$T,14,FALSE) -> 0.0494 | AF30: =VLOOKUP($A30,R_scores!$A:$T,15,FALSE) -> 0.3421 | AG30: =VLOOKUP($A30,R_scores!$A:$T,16,FALSE) -> -0.0652 | AH30: =VLOOKUP($A30,R_scores!$A:$T,17,FALSE) -> 0.1301 | AI30: =VLOOKUP($A30,R_scores!$A:$T,18,FALSE) -> 0.0928 | AJ30: =VLOOKUP($A30,R_scores!$A:$T,19,FALSE) -> 0.0753 | AK30: =VLOOKUP($A30,R_scores!$A:$T,20,FALSE) -> 0.0716 | AL30: =VLOOKUP($A30,DW_avgs_500ns!$A:$HH,COLUMN(C30),FALSE) -> 0 | AM30: =VLOOKUP($A30,DW_avgs_500ns!$A:$HH,COLUMN(D30),FALSE) -> 0 | AN30: =VLOOKUP($A30,DW_avgs_500ns!$A:$HH,COLUMN(E30),FALSE) -> 0 | AO30: =VLOOKUP($A30,DW_avgs_500ns!$A:$HH,COLUMN(F30),FALSE) -> 0 | AP30: =VLOOKUP($A30,DW_avgs_500ns!$A:$HH,COLUMN(G30),FALSE) -> 0 | AQ30: =VLOOKUP($A30,DW_avgs_500ns!$A:$HH,COLUMN(H30),FALSE) -> 0 | AR30: =VLOOKUP($A30,DW_avgs_500ns!$A:$HH,COLUMN(I30),FALSE) -> 0 | AS30: =VLOOKUP($A30,DW_avgs_500ns!$A:$HH,COLUMN(J30),FALSE) -> 0.0016 | ... IQ30: =VLOOKUP($A30,DW_avgs_500ns!$A:$HH,COLUMN(HH30),FALSE) -> 0 | IR30: =VLOOKUP(A30,pkt_vol!A:H,COLUMN(C30),FALSE) -> 833.2339797831581 | IS30: =VLOOKUP($A30,pkt_vol!A:H,COLUMN(D30),FALSE) -> 136.15173538225585 | IT30: =VLOOKUP($A30,pkt_vol!A:H,COLUMN(G30),FALSE) -> 0.3422189614412652 | IU30: =VLOOKUP($A30,lig_contacts!$A:$U,COLUMN(B30),FALSE) -> 12.731148610092117 | IV30: =VLOOKUP($A30,lig_contacts!$A:$U,COLUMN(C30),FALSE) -> 1.514133520941032 | IW30: =VLOOKUP($A30,lig_contacts!$A:$U,COLUMN(D30),FALSE) -> 1 | IX30: =VLOOKUP($A30,lig_contacts!$A:$U,COLUMN(E30),FALSE) -> 1.9272031 | IY30: =VLOOKUP($A30,lig_contacts!$A:$U,COLUMN(F30),FALSE) -> 0.4927113938005573 | IZ30: =VLOOKUP($A30,lig_contacts!$A:$U,COLUMN(G30),FALSE) -> 0.99951088 | JA30: =VLOOKUP($A30,lig_contacts!$A:$U,COLUMN(H30),FALSE) -> 4.561261922230374 | JB30: =VLOOKUP($A30,lig_contacts!$A:$U,COLUMN(I30),FALSE) -> 0.8389860452981878 | ... JN30: =VLOOKUP($A30,lig_contacts!$A:$U,COLUMN(U30),FALSE) -> 0.051470768 | JO30: 1.6189999999999998 | JP30: 0.732 | JQ30: 0.78 | JR30: 1.192
A31: pair_3088_binder | B31: 3088 | C31: binder | D31: =IF(C31="Binder", 1,0) -> 1 | E31: 0.5 | F31: MASELTPEERSELKNSIAEFHTYQLDPGSCSSLHAQRIHAPPELVWSIVRRFDKPQTYVHFIKSCSVEQNFEMRVGCTRDDILISGLPANTMTVRLDILDDERRVTGVSIIGGEHRVTNLKTVTTVHRFEKENRIWTVVLKSYVVDMPEGNSEDDTRMILDTGVKLILQKLATVAEAMARN | G31: 0.3364 | H31: 0.0444 | I31: 0.4 | J31: 0.0504 | K31: 0.7244 | L31: 0.1697 | M31: 0.6088 | N31: 0.1521 | O31: 10.4585 | P31: 1.8766 | Q31: 39.61 | R31: 35.63 | S31: 24.76 | T31: =VLOOKUP(A31,R_scores!A:T,3,FALSE) -> -0.1984 | U31: =VLOOKUP($A31,R_scores!$A:$T,4,FALSE) -> 0.0437 | V31: =VLOOKUP($A31,R_scores!$A:$T,5,FALSE) -> -0.0584 | W31: =VLOOKUP($A31,R_scores!$A:$T,6,FALSE) -> 0.1992 | X31: =VLOOKUP($A31,R_scores!$A:$T,7,FALSE) -> 0.0788 | Y31: =VLOOKUP($A31,R_scores!$A:$T,8,FALSE) -> 0.1385 | Z31: =VLOOKUP($A31,R_scores!$A:$T,9,FALSE) -> 0.1391 | AA31: =VLOOKUP($A31,R_scores!$A:$T,10,FALSE) -> 0.1424 | AB31: =VLOOKUP($A31,R_scores!$A:$T,11,FALSE) -> 0.0301 | AC31: =VLOOKUP($A31,R_scores!$A:$T,12,FALSE) -> 0.0492 | AD31: =VLOOKUP($A31,R_scores!$A:$T,13,FALSE) -> -0.0245 | AE31: =VLOOKUP($A31,R_scores!$A:$T,14,FALSE) -> 0.0673 | AF31: =VLOOKUP($A31,R_scores!$A:$T,15,FALSE) -> 0.1652 | AG31: =VLOOKUP($A31,R_scores!$A:$T,16,FALSE) -> -0.075 | AH31: =VLOOKUP($A31,R_scores!$A:$T,17,FALSE) -> 0.2436 | AI31: =VLOOKUP($A31,R_scores!$A:$T,18,FALSE) -> 0.4082 | AJ31: =VLOOKUP($A31,R_scores!$A:$T,19,FALSE) -> 0.1082 | AK31: =VLOOKUP($A31,R_scores!$A:$T,20,FALSE) -> 0.1323 | AL31: =VLOOKUP($A31,DW_avgs_500ns!$A:$HH,COLUMN(C31),FALSE) -> 0 | AM31: =VLOOKUP($A31,DW_avgs_500ns!$A:$HH,COLUMN(D31),FALSE) -> 0 | AN31: =VLOOKUP($A31,DW_avgs_500ns!$A:$HH,COLUMN(E31),FALSE) -> 0 | AO31: =VLOOKUP($A31,DW_avgs_500ns!$A:$HH,COLUMN(F31),FALSE) -> 0 | AP31: =VLOOKUP($A31,DW_avgs_500ns!$A:$HH,COLUMN(G31),FALSE) -> 0 | AQ31: =VLOOKUP($A31,DW_avgs_500ns!$A:$HH,COLUMN(H31),FALSE) -> 0 | AR31: =VLOOKUP($A31,DW_avgs_500ns!$A:$HH,COLUMN(I31),FALSE) -> 0 | AS31: =VLOOKUP($A31,DW_avgs_500ns!$A:$HH,COLUMN(J31),FALSE) -> 0 | ... IQ31: =VLOOKUP($A31,DW_avgs_500ns!$A:$HH,COLUMN(HH31),FALSE) -> 0 | IR31: =VLOOKUP(A31,pkt_vol!A:H,COLUMN(C31),FALSE) -> 978.5436708241623 | IS31: =VLOOKUP($A31,pkt_vol!A:H,COLUMN(D31),FALSE) -> 156.2667207377862 | IT31: =VLOOKUP($A31,pkt_vol!A:H,COLUMN(G31),FALSE) -> 0.12170864922148855 | IU31: =VLOOKUP($A31,lig_contacts!$A:$U,COLUMN(B31),FALSE) -> 13.773783321105403 | IV31: =VLOOKUP($A31,lig_contacts!$A:$U,COLUMN(C31),FALSE) -> 2.2369472976276983 | IW31: =VLOOKUP($A31,lig_contacts!$A:$U,COLUMN(D31),FALSE) -> 1 | IX31: =VLOOKUP($A31,lig_contacts!$A:$U,COLUMN(E31),FALSE) -> 1.9482351023070024 | IY31: =VLOOKUP($A31,lig_contacts!$A:$U,COLUMN(F31),FALSE) -> 0.8084763957561784 | IZ31: =VLOOKUP($A31,lig_contacts!$A:$U,COLUMN(G31),FALSE) -> 0.9650281242357543 | JA31: =VLOOKUP($A31,lig_contacts!$A:$U,COLUMN(H31),FALSE) -> 1.8572593136056088 | JB31: =VLOOKUP($A31,lig_contacts!$A:$U,COLUMN(I31),FALSE) -> 0.7509164563552716 | ... JN31: =VLOOKUP($A31,lig_contacts!$A:$U,COLUMN(U31),FALSE) -> 0.049013306 | JO31: 1.44 | JP31: 0.751 | JQ31: 0.979 | JR31: 0.8079999999999999
A32: pair_3091_binder | B32: 3091 | C32: binder | D32: =IF(C32="Binder", 1,0) -> 1 | E32: 0.5818 | F32: MASELTPEERSELKNSIAEFHTYQLDPGSCSSLHAQRIHAPPELVWSIVRRFDKPQTYVHFIKSCSVEQNFEMRVGCTRDDILISGLPANTMTVRLDILDDERRVTGASVIGGEHRVTNLKTVTTVHRFEKENRIWTVVLKSYVVDMPEGNSEDDTRMIMDTGIKLILQKLATVAEAMARN | G32: 0.3246 | H32: 0.0584 | I32: 0.3362 | J32: 0.0417 | K32: 0.8569 | L32: 0.1598 | M32: 0.4886 | N32: 0.1288 | O32: 12.4028 | P32: 1.8791 | Q32: 5.83 | R32: 64.56 | S32: 29.61 | T32: =VLOOKUP(A32,R_scores!A:T,3,FALSE) -> -0.1887 | U32: =VLOOKUP($A32,R_scores!$A:$T,4,FALSE) -> -0.0653 | V32: =VLOOKUP($A32,R_scores!$A:$T,5,FALSE) -> -0.1254 | W32: =VLOOKUP($A32,R_scores!$A:$T,6,FALSE) -> 0.3355 | X32: =VLOOKUP($A32,R_scores!$A:$T,7,FALSE) -> 0.067 | Y32: =VLOOKUP($A32,R_scores!$A:$T,8,FALSE) -> -0.1819 | Z32: =VLOOKUP($A32,R_scores!$A:$T,9,FALSE) -> 0.0283 | AA32: =VLOOKUP($A32,R_scores!$A:$T,10,FALSE) -> -0.0071 | AB32: =VLOOKUP($A32,R_scores!$A:$T,11,FALSE) -> 0.0855 | AC32: =VLOOKUP($A32,R_scores!$A:$T,12,FALSE) -> -0.002 | AD32: =VLOOKUP($A32,R_scores!$A:$T,13,FALSE) -> -0.1368 | AE32: =VLOOKUP($A32,R_scores!$A:$T,14,FALSE) -> -0.0125 | AF32: =VLOOKUP($A32,R_scores!$A:$T,15,FALSE) -> 0.0894 | AG32: =VLOOKUP($A32,R_scores!$A:$T,16,FALSE) -> 0.3299 | AH32: =VLOOKUP($A32,R_scores!$A:$T,17,FALSE) -> 0.1643 | AI32: =VLOOKUP($A32,R_scores!$A:$T,18,FALSE) -> 0.3182 | AJ32: =VLOOKUP($A32,R_scores!$A:$T,19,FALSE) -> 0.0447 | AK32: =VLOOKUP($A32,R_scores!$A:$T,20,FALSE) -> 0.1236 | AL32: =VLOOKUP($A32,DW_avgs_500ns!$A:$HH,COLUMN(C32),FALSE) -> 0 | AM32: =VLOOKUP($A32,DW_avgs_500ns!$A:$HH,COLUMN(D32),FALSE) -> 0 | AN32: =VLOOKUP($A32,DW_avgs_500ns!$A:$HH,COLUMN(E32),FALSE) -> 0 | AO32: =VLOOKUP($A32,DW_avgs_500ns!$A:$HH,COLUMN(F32),FALSE) -> 0 | AP32: =VLOOKUP($A32,DW_avgs_500ns!$A:$HH,COLUMN(G32),FALSE) -> 0 | AQ32: =VLOOKUP($A32,DW_avgs_500ns!$A:$HH,COLUMN(H32),FALSE) -> 0 | AR32: =VLOOKUP($A32,DW_avgs_500ns!$A:$HH,COLUMN(I32),FALSE) -> 0 | AS32: =VLOOKUP($A32,DW_avgs_500ns!$A:$HH,COLUMN(J32),FALSE) -> 0 | ... IQ32: =VLOOKUP($A32,DW_avgs_500ns!$A:$HH,COLUMN(HH32),FALSE) -> 0 | IR32: =VLOOKUP(A32,pkt_vol!A:H,COLUMN(C32),FALSE) -> 951.3537841363008 | IS32: =VLOOKUP($A32,pkt_vol!A:H,COLUMN(D32),FALSE) -> 120.13111118056321 | IT32: =VLOOKUP($A32,pkt_vol!A:H,COLUMN(G32),FALSE) -> 0.10230700252710524 | IU32: =VLOOKUP($A32,lig_contacts!$A:$U,COLUMN(B32),FALSE) -> 14.043286867204696 | IV32: =VLOOKUP($A32,lig_contacts!$A:$U,COLUMN(C32),FALSE) -> 1.710049577775646 | IW32: =VLOOKUP($A32,lig_contacts!$A:$U,COLUMN(D32),FALSE) -> 1 | IX32: =VLOOKUP($A32,lig_contacts!$A:$U,COLUMN(E32),FALSE) -> 1.0840466291676856 | IY32: =VLOOKUP($A32,lig_contacts!$A:$U,COLUMN(F32),FALSE) -> 0.3564207920194711 | IZ32: =VLOOKUP($A32,lig_contacts!$A:$U,COLUMN(G32),FALSE) -> 0.9882611885546588 | JA32: =VLOOKUP($A32,lig_contacts!$A:$U,COLUMN(H32),FALSE) -> 2.7539740767913914 | JB32: =VLOOKUP($A32,lig_contacts!$A:$U,COLUMN(I32),FALSE) -> 0.68115186 | ... JN32: =VLOOKUP($A32,lig_contacts!$A:$U,COLUMN(U32),FALSE) -> 0.045512959 | JO32: 1.163 | JP32: 0.684 | JQ32: 0.732 | JR32: 0.617
A33: pair_3099_binder | B33: 3099 | C33: binder | D33: =IF(C33="Binder", 1,0) -> 1 | E33: 0.5 | F33: MASELTPEERSELKNSIAEFHTYQLDPGSCSSLHAQRIHAPPELVWSIVRRFDKPQTYVHFIKSCSVEQNFEMRVGCTRDDILISGLPANTMTVRLDILDDERRVTGASVIGGEHRLTNLKWVTTVHRFEKENRIWTVVLRSYVVDMPEGNSEDDTRMHVDTLFKLGLQKLATVAEAMARN | G33: 0.3767 | H33: 0.0842 | I33: 0.319 | J33: 0.079 | K33: 0.9018 | L33: 0.125 | M33: 0.7391 | N33: 0.2295 | O33: 11.3621 | P33: 0.9305 | Q33: 3.58 | R33: 46.88 | S33: 49.54 | T33: =VLOOKUP(A33,R_scores!A:T,3,FALSE) -> 0.3009 | U33: =VLOOKUP($A33,R_scores!$A:$T,4,FALSE) -> -0.0208 | V33: =VLOOKUP($A33,R_scores!$A:$T,5,FALSE) -> -0.001 | W33: =VLOOKUP($A33,R_scores!$A:$T,6,FALSE) -> 0.2699 | X33: =VLOOKUP($A33,R_scores!$A:$T,7,FALSE) -> 0.0013 | Y33: =VLOOKUP($A33,R_scores!$A:$T,8,FALSE) -> -0.1168 | Z33: =VLOOKUP($A33,R_scores!$A:$T,9,FALSE) -> 0.3192 | AA33: =VLOOKUP($A33,R_scores!$A:$T,10,FALSE) -> 0.1805 | AB33: =VLOOKUP($A33,R_scores!$A:$T,11,FALSE) -> -0.0027 | AC33: =VLOOKUP($A33,R_scores!$A:$T,12,FALSE) -> -0.0235 | AD33: =VLOOKUP($A33,R_scores!$A:$T,13,FALSE) -> -0.2377 | AE33: =VLOOKUP($A33,R_scores!$A:$T,14,FALSE) -> -0.0472 | AF33: =VLOOKUP($A33,R_scores!$A:$T,15,FALSE) -> 0.2654 | AG33: =VLOOKUP($A33,R_scores!$A:$T,16,FALSE) -> -0.529 | AH33: =VLOOKUP($A33,R_scores!$A:$T,17,FALSE) -> -0.0881 | AI33: =VLOOKUP($A33,R_scores!$A:$T,18,FALSE) -> 0.018 | AJ33: =VLOOKUP($A33,R_scores!$A:$T,19,FALSE) -> 0.0699 | AK33: =VLOOKUP($A33,R_scores!$A:$T,20,FALSE) -> 0.3633 | AL33: =VLOOKUP($A33,DW_avgs_500ns!$A:$HH,COLUMN(C33),FALSE) -> 0 | AM33: =VLOOKUP($A33,DW_avgs_500ns!$A:$HH,COLUMN(D33),FALSE) -> 0 | AN33: =VLOOKUP($A33,DW_avgs_500ns!$A:$HH,COLUMN(E33),FALSE) -> 0 | AO33: =VLOOKUP($A33,DW_avgs_500ns!$A:$HH,COLUMN(F33),FALSE) -> 0 | AP33: =VLOOKUP($A33,DW_avgs_500ns!$A:$HH,COLUMN(G33),FALSE) -> 0 | AQ33: =VLOOKUP($A33,DW_avgs_500ns!$A:$HH,COLUMN(H33),FALSE) -> 0 | AR33: =VLOOKUP($A33,DW_avgs_500ns!$A:$HH,COLUMN(I33),FALSE) -> 0 | AS33: =VLOOKUP($A33,DW_avgs_500ns!$A:$HH,COLUMN(J33),FALSE) -> 0 | ... IQ33: =VLOOKUP($A33,DW_avgs_500ns!$A:$HH,COLUMN(HH33),FALSE) -> 0 | IR33: =VLOOKUP(A33,pkt_vol!A:H,COLUMN(C33),FALSE) -> 823.4108119344583 | IS33: =VLOOKUP($A33,pkt_vol!A:H,COLUMN(D33),FALSE) -> 181.64747273088065 | IT33: =VLOOKUP($A33,pkt_vol!A:H,COLUMN(G33),FALSE) -> 0.3954512105649303 | IU33: =VLOOKUP($A33,lig_contacts!$A:$U,COLUMN(B33),FALSE) -> 11.61204858563626 | IV33: =VLOOKUP($A33,lig_contacts!$A:$U,COLUMN(C33),FALSE) -> 1.160782043379833 | IW33: =VLOOKUP($A33,lig_contacts!$A:$U,COLUMN(D33),FALSE) -> 1 | IX33: =VLOOKUP($A33,lig_contacts!$A:$U,COLUMN(E33),FALSE) -> 1.1421700497269096 | IY33: =VLOOKUP($A33,lig_contacts!$A:$U,COLUMN(F33),FALSE) -> 0.4663674610527695 | IZ33: =VLOOKUP($A33,lig_contacts!$A:$U,COLUMN(G33),FALSE) -> 0.9990217657128884 | JA33: =VLOOKUP($A33,lig_contacts!$A:$U,COLUMN(H33),FALSE) -> 3.591342626559061 | JB33: =VLOOKUP($A33,lig_contacts!$A:$U,COLUMN(I33),FALSE) -> 0.6479646625206384 | ... JN33: =VLOOKUP($A33,lig_contacts!$A:$U,COLUMN(U33),FALSE) -> 0.037326835 | JO33: 1.729 | JP33: 1.19 | JQ33: 0.7090000000000001 | JR33: 1.199
A34: pair_3100_binder | B34: 3100 | C34: binder | D34: =IF(C34="Binder", 1,0) -> 1 | E34: 0.48 | F34: MASELTPEERSELKNSIAEFHTYQLDPGSCSSLHAQRIHAPPELVWSIVRRFDKPQTYVHFIKSCSVEQNFEMRVGCTRDLIAISGLPANTATERLDILDDERRVTGHSVIGGEHRLTNYKSVTTVHRFEKENRIWTVVLKSYVVDMPEGNSEDDTRMILDTGVKLILQKLATVAEAMARN | G34: 0.5731 | H34: 0.191 | I34: 0.5668 | J34: 0.1485 | K34: 0.7811 | L34: 0.121 | M34: 0.5569 | N34: 0.2046 | O34: 12.2011 | P34: 1.5143 | Q34: 0.66 | R34: 62.95 | S34: 36.39 | T34: =VLOOKUP(A34,R_scores!A:T,3,FALSE) -> -0.0117 | U34: =VLOOKUP($A34,R_scores!$A:$T,4,FALSE) -> -0.0152 | V34: =VLOOKUP($A34,R_scores!$A:$T,5,FALSE) -> 0.1144 | W34: =VLOOKUP($A34,R_scores!$A:$T,6,FALSE) -> -0.0007 | X34: =VLOOKUP($A34,R_scores!$A:$T,7,FALSE) -> 0.0596 | Y34: =VLOOKUP($A34,R_scores!$A:$T,8,FALSE) -> 0.0389 | Z34: =VLOOKUP($A34,R_scores!$A:$T,9,FALSE) -> 0.4497 | AA34: =VLOOKUP($A34,R_scores!$A:$T,10,FALSE) -> 0.0226 | AB34: =VLOOKUP($A34,R_scores!$A:$T,11,FALSE) -> 0.086 | AC34: =VLOOKUP($A34,R_scores!$A:$T,12,FALSE) -> 0.2295 | AD34: =VLOOKUP($A34,R_scores!$A:$T,13,FALSE) -> -0.0607 | AE34: =VLOOKUP($A34,R_scores!$A:$T,14,FALSE) -> 0.2053 | AF34: =VLOOKUP($A34,R_scores!$A:$T,15,FALSE) -> -0.0687 | AG34: =VLOOKUP($A34,R_scores!$A:$T,16,FALSE) -> -0.6823 | AH34: =VLOOKUP($A34,R_scores!$A:$T,17,FALSE) -> 0.2938 | AI34: =VLOOKUP($A34,R_scores!$A:$T,18,FALSE) -> 0.1631 | AJ34: =VLOOKUP($A34,R_scores!$A:$T,19,FALSE) -> 0.0092 | AK34: =VLOOKUP($A34,R_scores!$A:$T,20,FALSE) -> -0.0108 | AL34: =VLOOKUP($A34,DW_avgs_500ns!$A:$HH,COLUMN(C34),FALSE) -> 0 | AM34: =VLOOKUP($A34,DW_avgs_500ns!$A:$HH,COLUMN(D34),FALSE) -> 0 | AN34: =VLOOKUP($A34,DW_avgs_500ns!$A:$HH,COLUMN(E34),FALSE) -> 0 | AO34: =VLOOKUP($A34,DW_avgs_500ns!$A:$HH,COLUMN(F34),FALSE) -> 0 | AP34: =VLOOKUP($A34,DW_avgs_500ns!$A:$HH,COLUMN(G34),FALSE) -> 0 | AQ34: =VLOOKUP($A34,DW_avgs_500ns!$A:$HH,COLUMN(H34),FALSE) -> 0 | AR34: =VLOOKUP($A34,DW_avgs_500ns!$A:$HH,COLUMN(I34),FALSE) -> 0 | AS34: =VLOOKUP($A34,DW_avgs_500ns!$A:$HH,COLUMN(J34),FALSE) -> 0 | ... IQ34: =VLOOKUP($A34,DW_avgs_500ns!$A:$HH,COLUMN(HH34),FALSE) -> 0 | IR34: =VLOOKUP(A34,pkt_vol!A:H,COLUMN(C34),FALSE) -> 897.5089 | IS34: =VLOOKUP($A34,pkt_vol!A:H,COLUMN(D34),FALSE) -> 156.09339 | IT34: =VLOOKUP($A34,pkt_vol!A:H,COLUMN(G34),FALSE) -> 0.20958669601369528 | IU34: =VLOOKUP($A34,lig_contacts!$A:$U,COLUMN(B34),FALSE) -> 12.003179261433113 | IV34: =VLOOKUP($A34,lig_contacts!$A:$U,COLUMN(C34),FALSE) -> 1.4983721502824865 | IW34: =VLOOKUP($A34,lig_contacts!$A:$U,COLUMN(D34),FALSE) -> 1 | IX34: =VLOOKUP($A34,lig_contacts!$A:$U,COLUMN(E34),FALSE) -> 1.0180973343115676 | IY34: =VLOOKUP($A34,lig_contacts!$A:$U,COLUMN(F34),FALSE) -> 0.3240304174042645 | IZ34: =VLOOKUP($A34,lig_contacts!$A:$U,COLUMN(G34),FALSE) -> 0.95891416 | JA34: =VLOOKUP($A34,lig_contacts!$A:$U,COLUMN(H34),FALSE) -> 3.011983370017119 | JB34: =VLOOKUP($A34,lig_contacts!$A:$U,COLUMN(I34),FALSE) -> 0.4405875898826972 | ... JN34: =VLOOKUP($A34,lig_contacts!$A:$U,COLUMN(U34),FALSE) -> 0.043746464 | JO34: 2.86 | JP34: 0.489 | JQ34: 0.671 | JR34: 0.7090000000000001
A35: pair_3101_binder | B35: 3101 | C35: binder | D35: =IF(C35="Binder", 1,0) -> 1 | E35: 0.4333 | F35: MASELTPEERSELKNSIAEFHTYQLDPGSCSSLHAQRIHAPPELVWSIVRRFDKPQTYVHFIKSCSVEQNFEMRVGCTRDDILISGLPANTMTVRLDILDDERRVTGVSIIGGEHRLTNYKSVTTVHRFEKENRIWTVVLKSYVVDMPEGNSEDDTRMILDTGVKLILQKLATVAEAMARN | G35: 0.3324 | H35: 0.0747 | I35: 0.3784 | J35: 0.0821 | K35: 0.7335 | L35: 0.1379 | M35: 0.4072 | N35: 0.0961 | O35: 10.8092 | P35: 1.3731 | Q35: 12.85 | R35: 31.17 | S35: 55.98 | T35: =VLOOKUP(A35,R_scores!A:T,3,FALSE) -> -0.161 | U35: =VLOOKUP($A35,R_scores!$A:$T,4,FALSE) -> -0.0049 | V35: =VLOOKUP($A35,R_scores!$A:$T,5,FALSE) -> -0.0016 | W35: =VLOOKUP($A35,R_scores!$A:$T,6,FALSE) -> 0.1389 | X35: =VLOOKUP($A35,R_scores!$A:$T,7,FALSE) -> 0.0393 | Y35: =VLOOKUP($A35,R_scores!$A:$T,8,FALSE) -> -0.1036 | Z35: =VLOOKUP($A35,R_scores!$A:$T,9,FALSE) -> 0.1054 | AA35: =VLOOKUP($A35,R_scores!$A:$T,10,FALSE) -> 0.1681 | AB35: =VLOOKUP($A35,R_scores!$A:$T,11,FALSE) -> 0.0365 | AC35: =VLOOKUP($A35,R_scores!$A:$T,12,FALSE) -> 0.0036 | AD35: =VLOOKUP($A35,R_scores!$A:$T,13,FALSE) -> -0.0919 | AE35: =VLOOKUP($A35,R_scores!$A:$T,14,FALSE) -> 0.0175 | AF35: =VLOOKUP($A35,R_scores!$A:$T,15,FALSE) -> 0.3753 | AG35: =VLOOKUP($A35,R_scores!$A:$T,16,FALSE) -> 0.0202 | AH35: =VLOOKUP($A35,R_scores!$A:$T,17,FALSE) -> -0.1369 | AI35: =VLOOKUP($A35,R_scores!$A:$T,18,FALSE) -> 0.0396 | AJ35: =VLOOKUP($A35,R_scores!$A:$T,19,FALSE) -> -0.2297 | AK35: =VLOOKUP($A35,R_scores!$A:$T,20,FALSE) -> -0.1136 | AL35: =VLOOKUP($A35,DW_avgs_500ns!$A:$HH,COLUMN(C35),FALSE) -> 0 | AM35: =VLOOKUP($A35,DW_avgs_500ns!$A:$HH,COLUMN(D35),FALSE) -> 0 | AN35: =VLOOKUP($A35,DW_avgs_500ns!$A:$HH,COLUMN(E35),FALSE) -> 0 | AO35: =VLOOKUP($A35,DW_avgs_500ns!$A:$HH,COLUMN(F35),FALSE) -> 0 | AP35: =VLOOKUP($A35,DW_avgs_500ns!$A:$HH,COLUMN(G35),FALSE) -> 0 | AQ35: =VLOOKUP($A35,DW_avgs_500ns!$A:$HH,COLUMN(H35),FALSE) -> 0 | AR35: =VLOOKUP($A35,DW_avgs_500ns!$A:$HH,COLUMN(I35),FALSE) -> 0 | AS35: =VLOOKUP($A35,DW_avgs_500ns!$A:$HH,COLUMN(J35),FALSE) -> 0 | ... IQ35: =VLOOKUP($A35,DW_avgs_500ns!$A:$HH,COLUMN(HH35),FALSE) -> 0 | IR35: =VLOOKUP(A35,pkt_vol!A:H,COLUMN(C35),FALSE) -> 859.4569560609766 | IS35: =VLOOKUP($A35,pkt_vol!A:H,COLUMN(D35),FALSE) -> 157.03149366917836 | IT35: =VLOOKUP($A35,pkt_vol!A:H,COLUMN(G35),FALSE) -> 0.29689410613842016 | IU35: =VLOOKUP($A35,lig_contacts!$A:$U,COLUMN(B35),FALSE) -> 12.217331050786663 | IV35: =VLOOKUP($A35,lig_contacts!$A:$U,COLUMN(C35),FALSE) -> 1.3985807074749042 | IW35: =VLOOKUP($A35,lig_contacts!$A:$U,COLUMN(D35),FALSE) -> 1 | IX35: =VLOOKUP($A35,lig_contacts!$A:$U,COLUMN(E35),FALSE) -> 1.9726909594847968 | IY35: =VLOOKUP($A35,lig_contacts!$A:$U,COLUMN(F35),FALSE) -> 0.4605449959307705 | IZ35: =VLOOKUP($A35,lig_contacts!$A:$U,COLUMN(G35),FALSE) -> 0.9986141680932584 | JA35: =VLOOKUP($A35,lig_contacts!$A:$U,COLUMN(H35),FALSE) -> 2.0409228010108422 | JB35: =VLOOKUP($A35,lig_contacts!$A:$U,COLUMN(I35),FALSE) -> 1.0624679205335668 | ... JN35: =VLOOKUP($A35,lig_contacts!$A:$U,COLUMN(U35),FALSE) -> 0.060328246 | JO35: 3.3810000000000002 | JP35: 0.726 | JQ35: 0.795 | JR35: 1.1
A36: pair_3103_binder | B36: 3103 | C36: binder | D36: =IF(C36="Binder", 1,0) -> 1 | E36: 0.375 | F36: MASELTPEERSELKNSIAEFHTYQLDPGSCSSLHAQRIHAPPELVWSIVRRFDKPQTYVHFIKSCSVEQNFEMRVGCTRDDILISGLPANTMTVRLDILDDERRVTGASVIGGEHRVTNLKTVTTVHRFEKENRIWTVVLKSYVVDMPEGNSEDDTRMILDTGVKLLLQKLATVAEAMARN | G36: 0.305 | H36: 0.0561 | I36: 0.3738 | J36: 0.0684 | K36: 0.747 | L36: 0.1515 | M36: 0.4243 | N36: 0.1039 | O36: 8.5987 | P36: 1.2148 | Q36: 78.62 | R36: 1.27 | S36: 20.11 | T36: =VLOOKUP(A36,R_scores!A:T,3,FALSE) -> -0.0012 | U36: =VLOOKUP($A36,R_scores!$A:$T,4,FALSE) -> 0.1509 | V36: =VLOOKUP($A36,R_scores!$A:$T,5,FALSE) -> 0.0026 | W36: =VLOOKUP($A36,R_scores!$A:$T,6,FALSE) -> 0.1032 | X36: =VLOOKUP($A36,R_scores!$A:$T,7,FALSE) -> 0.1477 | Y36: =VLOOKUP($A36,R_scores!$A:$T,8,FALSE) -> -0.0231 | Z36: =VLOOKUP($A36,R_scores!$A:$T,9,FALSE) -> 0.0637 | AA36: =VLOOKUP($A36,R_scores!$A:$T,10,FALSE) -> 0.5665 | AB36: =VLOOKUP($A36,R_scores!$A:$T,11,FALSE) -> 0.0354 | AC36: =VLOOKUP($A36,R_scores!$A:$T,12,FALSE) -> -0.0401 | AD36: =VLOOKUP($A36,R_scores!$A:$T,13,FALSE) -> -0.0638 | AE36: =VLOOKUP($A36,R_scores!$A:$T,14,FALSE) -> -0.0122 | AF36: =VLOOKUP($A36,R_scores!$A:$T,15,FALSE) -> 0.4866 | AG36: =VLOOKUP($A36,R_scores!$A:$T,16,FALSE) -> -0.0671 | AH36: =VLOOKUP($A36,R_scores!$A:$T,17,FALSE) -> -0.1288 | AI36: =VLOOKUP($A36,R_scores!$A:$T,18,FALSE) -> 0.4618 | AJ36: =VLOOKUP($A36,R_scores!$A:$T,19,FALSE) -> -0.0181 | AK36: =VLOOKUP($A36,R_scores!$A:$T,20,FALSE) -> 0.0115 | AL36: =VLOOKUP($A36,DW_avgs_500ns!$A:$HH,COLUMN(C36),FALSE) -> 0 | AM36: =VLOOKUP($A36,DW_avgs_500ns!$A:$HH,COLUMN(D36),FALSE) -> 0 | AN36: =VLOOKUP($A36,DW_avgs_500ns!$A:$HH,COLUMN(E36),FALSE) -> 0 | AO36: =VLOOKUP($A36,DW_avgs_500ns!$A:$HH,COLUMN(F36),FALSE) -> 0 | AP36: =VLOOKUP($A36,DW_avgs_500ns!$A:$HH,COLUMN(G36),FALSE) -> 0 | AQ36: =VLOOKUP($A36,DW_avgs_500ns!$A:$HH,COLUMN(H36),FALSE) -> 0 | AR36: =VLOOKUP($A36,DW_avgs_500ns!$A:$HH,COLUMN(I36),FALSE) -> 0 | AS36: =VLOOKUP($A36,DW_avgs_500ns!$A:$HH,COLUMN(J36),FALSE) -> 0 | ... IQ36: =VLOOKUP($A36,DW_avgs_500ns!$A:$HH,COLUMN(HH36),FALSE) -> 0 | IR36: =VLOOKUP(A36,pkt_vol!A:H,COLUMN(C36),FALSE) -> 1014.6949148120974 | IS36: =VLOOKUP($A36,pkt_vol!A:H,COLUMN(D36),FALSE) -> 131.63753530421684 | IT36: =VLOOKUP($A36,pkt_vol!A:H,COLUMN(G36),FALSE) -> 0.05999837 | IU36: =VLOOKUP($A36,lig_contacts!$A:$U,COLUMN(B36),FALSE) -> 15.359501100513572 | IV36: =VLOOKUP($A36,lig_contacts!$A:$U,COLUMN(C36),FALSE) -> 1.5225433018588697 | IW36: =VLOOKUP($A36,lig_contacts!$A:$U,COLUMN(D36),FALSE) -> 1 | IX36: =VLOOKUP($A36,lig_contacts!$A:$U,COLUMN(E36),FALSE) -> 1.606831336104997 | IY36: =VLOOKUP($A36,lig_contacts!$A:$U,COLUMN(F36),FALSE) -> 0.8807955087863648 | IZ36: =VLOOKUP($A36,lig_contacts!$A:$U,COLUMN(G36),FALSE) -> 0.8875845765060733 | JA36: =VLOOKUP($A36,lig_contacts!$A:$U,COLUMN(H36),FALSE) -> 1.4723241216271297 | JB36: =VLOOKUP($A36,lig_contacts!$A:$U,COLUMN(I36),FALSE) -> 0.7163757842282318 | ... JN36: =VLOOKUP($A36,lig_contacts!$A:$U,COLUMN(U36),FALSE) -> 0.059962841 | JO36: 2.4610000000000003 | JP36: 0.613 | JQ36: 0.767 | JR36: 1.2
A37: pair_3104_binder | B37: 3104 | C37: binder | D37: =IF(C37="Binder", 1,0) -> 1 | E37: 1.0588 | F37: MASELTPEERSELKNSIAEFHTYQLDPGSCSSLHAQRIHAPPELVWSIVRRFDKPQTYVHFIKSCSVEQNFEMRVGCTRDDILISGLPANTMTVRLDILDDERRVTGVSIIGGEHRVTNLKTVTTVHRFEKENRIWTVVLKSYVVDMPEGNSEDDTRMILDTGVKLILQKLATVAEAMARN | G37: 0.31 | H37: 0.0439 | I37: 0.5218 | J37: 0.2266 | K37: 0.8406 | L37: 0.1438 | M37: 0.4752 | N37: 0.1209 | O37: 9.7112 | P37: 1.5689 | Q37: 45.33 | R37: 12.35 | S37: 42.32 | T37: =VLOOKUP(A37,R_scores!A:T,3,FALSE) -> -0.3711 | U37: =VLOOKUP($A37,R_scores!$A:$T,4,FALSE) -> 0.2132 | V37: =VLOOKUP($A37,R_scores!$A:$T,5,FALSE) -> -0.0086 | W37: =VLOOKUP($A37,R_scores!$A:$T,6,FALSE) -> 0.3954 | X37: =VLOOKUP($A37,R_scores!$A:$T,7,FALSE) -> 0.0945 | Y37: =VLOOKUP($A37,R_scores!$A:$T,8,FALSE) -> -0.0142 | Z37: =VLOOKUP($A37,R_scores!$A:$T,9,FALSE) -> 0.0721 | AA37: =VLOOKUP($A37,R_scores!$A:$T,10,FALSE) -> 0.1217 | AB37: =VLOOKUP($A37,R_scores!$A:$T,11,FALSE) -> 0.0129 | AC37: =VLOOKUP($A37,R_scores!$A:$T,12,FALSE) -> -0.1716 | AD37: =VLOOKUP($A37,R_scores!$A:$T,13,FALSE) -> -0.291 | AE37: =VLOOKUP($A37,R_scores!$A:$T,14,FALSE) -> 0.0849 | AF37: =VLOOKUP($A37,R_scores!$A:$T,15,FALSE) -> 0.076 | AG37: =VLOOKUP($A37,R_scores!$A:$T,16,FALSE) -> 0.1894 | AH37: =VLOOKUP($A37,R_scores!$A:$T,17,FALSE) -> 0.0256 | AI37: =VLOOKUP($A37,R_scores!$A:$T,18,FALSE) -> 0.4842 | AJ37: =VLOOKUP($A37,R_scores!$A:$T,19,FALSE) -> 0.0311 | AK37: =VLOOKUP($A37,R_scores!$A:$T,20,FALSE) -> 0.0268 | AL37: =VLOOKUP($A37,DW_avgs_500ns!$A:$HH,COLUMN(C37),FALSE) -> 0 | AM37: =VLOOKUP($A37,DW_avgs_500ns!$A:$HH,COLUMN(D37),FALSE) -> 0 | AN37: =VLOOKUP($A37,DW_avgs_500ns!$A:$HH,COLUMN(E37),FALSE) -> 0 | AO37: =VLOOKUP($A37,DW_avgs_500ns!$A:$HH,COLUMN(F37),FALSE) -> 0 | AP37: =VLOOKUP($A37,DW_avgs_500ns!$A:$HH,COLUMN(G37),FALSE) -> 0 | AQ37: =VLOOKUP($A37,DW_avgs_500ns!$A:$HH,COLUMN(H37),FALSE) -> 0 | AR37: =VLOOKUP($A37,DW_avgs_500ns!$A:$HH,COLUMN(I37),FALSE) -> 0 | AS37: =VLOOKUP($A37,DW_avgs_500ns!$A:$HH,COLUMN(J37),FALSE) -> 0 | ... IQ37: =VLOOKUP($A37,DW_avgs_500ns!$A:$HH,COLUMN(HH37),FALSE) -> 0 | IR37: =VLOOKUP(A37,pkt_vol!A:H,COLUMN(C37),FALSE) -> 997.0649506806881 | IS37: =VLOOKUP($A37,pkt_vol!A:H,COLUMN(D37),FALSE) -> 117.79412716829631 | IT37: =VLOOKUP($A37,pkt_vol!A:H,COLUMN(G37),FALSE) -> 0.055840874 | IU37: =VLOOKUP($A37,lig_contacts!$A:$U,COLUMN(B37),FALSE) -> 13.03668378576669 | IV37: =VLOOKUP($A37,lig_contacts!$A:$U,COLUMN(C37),FALSE) -> 2.562458433894001 | IW37: =VLOOKUP($A37,lig_contacts!$A:$U,COLUMN(D37),FALSE) -> 1 | IX37: =VLOOKUP($A37,lig_contacts!$A:$U,COLUMN(E37),FALSE) -> 2.6638134833292573 | IY37: =VLOOKUP($A37,lig_contacts!$A:$U,COLUMN(F37),FALSE) -> 0.7912235018765112 | IZ37: =VLOOKUP($A37,lig_contacts!$A:$U,COLUMN(G37),FALSE) -> 0.9977174533300726 | JA37: =VLOOKUP($A37,lig_contacts!$A:$U,COLUMN(H37),FALSE) -> 2.235020787478601 | JB37: =VLOOKUP($A37,lig_contacts!$A:$U,COLUMN(I37),FALSE) -> 0.8087438451901149 | ... JN37: =VLOOKUP($A37,lig_contacts!$A:$U,COLUMN(U37),FALSE) -> 0.056525367 | JO37: 2.457 | JP37: 0.613 | JQ37: 0.673 | JR37: 0.796
A38: pair_3108_binder | B38: 3108 | C38: binder | D38: =IF(C38="Binder", 1,0) -> 1 | E38: 0.9091 | F38: MASELTPEERSELKNSIAEFHTYQLDPGSCSSLHAQRIHAPPELVWSIVRRFDKPQTYAHFIKSCSVEQNFEMRVGCTRDDILISGLPANTMTVRLDILDDERRVTGHSIIGGEHRLTNYKSVTTVHRFEKENRIWTVVLKSYVVDMPEGNSEDDTRMILDTGVKLILQKLATVAEAMARN | G38: 0.3104 | H38: 0.0537 | I38: 0.6236 | J38: 0.1146 | K38: 0.7925 | L38: 0.1264 | M38: 0.4435 | N38: 0.0985 | O38: 11.2839 | P38: 1.2685 | Q38: 9.16 | R38: 47 | S38: 43.84 | T38: =VLOOKUP(A38,R_scores!A:T,3,FALSE) -> -0.2096 | U38: =VLOOKUP($A38,R_scores!$A:$T,4,FALSE) -> -0.0335 | V38: =VLOOKUP($A38,R_scores!$A:$T,5,FALSE) -> 0.0055 | W38: =VLOOKUP($A38,R_scores!$A:$T,6,FALSE) -> 0.2389 | X38: =VLOOKUP($A38,R_scores!$A:$T,7,FALSE) -> 0.0164 | Y38: =VLOOKUP($A38,R_scores!$A:$T,8,FALSE) -> -0.094 | Z38: =VLOOKUP($A38,R_scores!$A:$T,9,FALSE) -> 0.0511 | AA38: =VLOOKUP($A38,R_scores!$A:$T,10,FALSE) -> 0.1813 | AB38: =VLOOKUP($A38,R_scores!$A:$T,11,FALSE) -> 0.0318 | AC38: =VLOOKUP($A38,R_scores!$A:$T,12,FALSE) -> 0.1144 | AD38: =VLOOKUP($A38,R_scores!$A:$T,13,FALSE) -> -0.2004 | AE38: =VLOOKUP($A38,R_scores!$A:$T,14,FALSE) -> 0.0953 | AF38: =VLOOKUP($A38,R_scores!$A:$T,15,FALSE) -> 0.4453 | AG38: =VLOOKUP($A38,R_scores!$A:$T,16,FALSE) -> 0.1528 | AH38: =VLOOKUP($A38,R_scores!$A:$T,17,FALSE) -> 0.1117 | AI38: =VLOOKUP($A38,R_scores!$A:$T,18,FALSE) -> 0.076 | AJ38: =VLOOKUP($A38,R_scores!$A:$T,19,FALSE) -> -0.0092 | AK38: =VLOOKUP($A38,R_scores!$A:$T,20,FALSE) -> -0.1204 | AL38: =VLOOKUP($A38,DW_avgs_500ns!$A:$HH,COLUMN(C38),FALSE) -> 0 | AM38: =VLOOKUP($A38,DW_avgs_500ns!$A:$HH,COLUMN(D38),FALSE) -> 0 | AN38: =VLOOKUP($A38,DW_avgs_500ns!$A:$HH,COLUMN(E38),FALSE) -> 0 | AO38: =VLOOKUP($A38,DW_avgs_500ns!$A:$HH,COLUMN(F38),FALSE) -> 0 | AP38: =VLOOKUP($A38,DW_avgs_500ns!$A:$HH,COLUMN(G38),FALSE) -> 0 | AQ38: =VLOOKUP($A38,DW_avgs_500ns!$A:$HH,COLUMN(H38),FALSE) -> 0 | AR38: =VLOOKUP($A38,DW_avgs_500ns!$A:$HH,COLUMN(I38),FALSE) -> 0 | AS38: =VLOOKUP($A38,DW_avgs_500ns!$A:$HH,COLUMN(J38),FALSE) -> 0 | ... IQ38: =VLOOKUP($A38,DW_avgs_500ns!$A:$HH,COLUMN(HH38),FALSE) -> 0 | IR38: =VLOOKUP(A38,pkt_vol!A:H,COLUMN(C38),FALSE) -> 862.3302698296242 | IS38: =VLOOKUP($A38,pkt_vol!A:H,COLUMN(D38),FALSE) -> 120.16367052610883 | IT38: =VLOOKUP($A38,pkt_vol!A:H,COLUMN(G38),FALSE) -> 0.23983043939023396 | IU38: =VLOOKUP($A38,lig_contacts!$A:$U,COLUMN(B38),FALSE) -> 11.938452759435885 | IV38: =VLOOKUP($A38,lig_contacts!$A:$U,COLUMN(C38),FALSE) -> 1.4883732387973294 | IW38: =VLOOKUP($A38,lig_contacts!$A:$U,COLUMN(D38),FALSE) -> 1 | IX38: =VLOOKUP($A38,lig_contacts!$A:$U,COLUMN(E38),FALSE) -> 1.9827993804516184 | IY38: =VLOOKUP($A38,lig_contacts!$A:$U,COLUMN(F38),FALSE) -> 0.4989081311512907 | IZ38: =VLOOKUP($A38,lig_contacts!$A:$U,COLUMN(G38),FALSE) -> 0.9995924 | JA38: =VLOOKUP($A38,lig_contacts!$A:$U,COLUMN(H38),FALSE) -> 3.5459363 | JB38: =VLOOKUP($A38,lig_contacts!$A:$U,COLUMN(I38),FALSE) -> 0.8163400618692986 | ... JN38: =VLOOKUP($A38,lig_contacts!$A:$U,COLUMN(U38),FALSE) -> 0.047340252 | JO38: 1.3450000000000002 | JP38: 0.594 | JQ38: 0.76 | JR38: 0.81
A39: seq1_nb | B39: 1 | C39: nonbinder | D39: =IF(C39="Binder", 1,0) -> 0 | F39: MASELTPEERSELKNSIAEFHTYQLDPGSCSSLHAQRIHAPPELVWSIVRRFDKPQTYVHFIKSCSVEQNFEMRVGCTRDLIAISGLPANTATVRLDILDDERRVTGASVIGGEHRLTNLKWVTTVHRFEKENRIWTVVLRSYVVDMPEGNSEDDTRMHVDTLFKLGLQKLATVAEAMARN | G39: 0.6089 | H39: 0.1985 | I39: 0.4228 | J39: 0.1151 | K39: 0.5166 | L39: 0.103 | M39: 0.6588 | N39: 0.2128 | O39: 13.0822 | P39: 1.7118 | Q39: 4.9 | R39: 87.48 | S39: 7.62 | T39: =VLOOKUP(A39,R_scores!A:T,3,FALSE) -> -0.0249 | U39: =VLOOKUP($A39,R_scores!$A:$T,4,FALSE) -> 0.2466 | V39: =VLOOKUP($A39,R_scores!$A:$T,5,FALSE) -> 0.0202 | W39: =VLOOKUP($A39,R_scores!$A:$T,6,FALSE) -> 0.0145 | X39: =VLOOKUP($A39,R_scores!$A:$T,7,FALSE) -> 0.0067 | Y39: =VLOOKUP($A39,R_scores!$A:$T,8,FALSE) -> -0.1638 | Z39: =VLOOKUP($A39,R_scores!$A:$T,9,FALSE) -> 0.1221 | AA39: =VLOOKUP($A39,R_scores!$A:$T,10,FALSE) -> 0.2505 | AB39: =VLOOKUP($A39,R_scores!$A:$T,11,FALSE) -> 0.1319 | AC39: =VLOOKUP($A39,R_scores!$A:$T,12,FALSE) -> 0.0414 | AD39: =VLOOKUP($A39,R_scores!$A:$T,13,FALSE) -> -0.0568 | AE39: =VLOOKUP($A39,R_scores!$A:$T,14,FALSE) -> -0.0857 | AF39: =VLOOKUP($A39,R_scores!$A:$T,15,FALSE) -> 0.3746 | AG39: =VLOOKUP($A39,R_scores!$A:$T,16,FALSE) -> 0.4468 | AH39: =VLOOKUP($A39,R_scores!$A:$T,17,FALSE) -> -0.0662 | AI39: =VLOOKUP($A39,R_scores!$A:$T,18,FALSE) -> 0.019 | AJ39: =VLOOKUP($A39,R_scores!$A:$T,19,FALSE) -> 0.2978 | AK39: =VLOOKUP($A39,R_scores!$A:$T,20,FALSE) -> 0.5445 | AL39: =VLOOKUP($A39,DW_avgs_500ns!$A:$HH,COLUMN(C39),FALSE) -> 0 | AM39: =VLOOKUP($A39,DW_avgs_500ns!$A:$HH,COLUMN(D39),FALSE) -> 0 | AN39: =VLOOKUP($A39,DW_avgs_500ns!$A:$HH,COLUMN(E39),FALSE) -> 0 | AO39: =VLOOKUP($A39,DW_avgs_500ns!$A:$HH,COLUMN(F39),FALSE) -> 0 | AP39: =VLOOKUP($A39,DW_avgs_500ns!$A:$HH,COLUMN(G39),FALSE) -> 0 | AQ39: =VLOOKUP($A39,DW_avgs_500ns!$A:$HH,COLUMN(H39),FALSE) -> 0 | AR39: =VLOOKUP($A39,DW_avgs_500ns!$A:$HH,COLUMN(I39),FALSE) -> 0 | AS39: =VLOOKUP($A39,DW_avgs_500ns!$A:$HH,COLUMN(J39),FALSE) -> 0.013 | ... IQ39: =VLOOKUP($A39,DW_avgs_500ns!$A:$HH,COLUMN(HH39),FALSE) -> 0 | IR39: =VLOOKUP(A39,pkt_vol!A:H,COLUMN(C39),FALSE) -> 947.10755 | IS39: =VLOOKUP($A39,pkt_vol!A:H,COLUMN(D39),FALSE) -> 121.1151702527537 | IT39: =VLOOKUP($A39,pkt_vol!A:H,COLUMN(G39),FALSE) -> 0.10385587348169886 | IU39: =VLOOKUP($A39,lig_contacts!$A:$U,COLUMN(B39),FALSE) -> 13.569984511290452 | IV39: =VLOOKUP($A39,lig_contacts!$A:$U,COLUMN(C39),FALSE) -> 1.3804545883699524 | IW39: =VLOOKUP($A39,lig_contacts!$A:$U,COLUMN(D39),FALSE) -> 1 | IX39: =VLOOKUP($A39,lig_contacts!$A:$U,COLUMN(E39),FALSE) -> 2.1340180973343115 | IY39: =VLOOKUP($A39,lig_contacts!$A:$U,COLUMN(F39),FALSE) -> 0.83455153 | IZ39: =VLOOKUP($A39,lig_contacts!$A:$U,COLUMN(G39),FALSE) -> 0.9694301785277574 | JA39: =VLOOKUP($A39,lig_contacts!$A:$U,COLUMN(H39),FALSE) -> 2.142251569250836 | JB39: =VLOOKUP($A39,lig_contacts!$A:$U,COLUMN(I39),FALSE) -> 0.5722283290697697 | ... JN39: =VLOOKUP($A39,lig_contacts!$A:$U,COLUMN(U39),FALSE) -> 0.046027736 | JO39: 0.983 | JP39: 1.7530000000000001 | JQ39: 0.906 | JR39: 1.4649999999999999
A40: seq2_nb | B40: 2 | C40: nonbinder | D40: =IF(C40="Binder", 1,0) -> 0 | F40: MASELTPEERSELKNSIAEFHTYQLDPGSCSSLHAQRIHAPPELVWSIVRRFDKPQTYAHFIKSCSVEQNFEMRVGCTRDLILISGLPANTITARLDILDDERRVTGASVIGGEHRLTNFKWVTTVHRFEKENRIWTVVLQSYVVDMPEGNSEDDTRMILDTGFKLMLQKLATVAEAMARN | G40: 0.3843 | H40: 0.0881 | I40: 0.4572 | J40: 0.0383 | K40: 0.8274 | L40: 0.1601 | M40: 0.4388 | N40: 0.1225 | O40: 11.3764 | P40: 1.4279 | Q40: 10.29 | R40: 49.14 | S40: 40.57 | T40: =VLOOKUP(A40,R_scores!A:T,3,FALSE) -> 0.7101 | U40: =VLOOKUP($A40,R_scores!$A:$T,4,FALSE) -> 0.0172 | V40: =VLOOKUP($A40,R_scores!$A:$T,5,FALSE) -> 0.0708 | W40: =VLOOKUP($A40,R_scores!$A:$T,6,FALSE) -> 0.2838 | X40: =VLOOKUP($A40,R_scores!$A:$T,7,FALSE) -> -0.0965 | Y40: =VLOOKUP($A40,R_scores!$A:$T,8,FALSE) -> -0.1356 | Z40: =VLOOKUP($A40,R_scores!$A:$T,9,FALSE) -> -0.0716 | AA40: =VLOOKUP($A40,R_scores!$A:$T,10,FALSE) -> 0.1868 | AB40: =VLOOKUP($A40,R_scores!$A:$T,11,FALSE) -> 0.158 | AC40: =VLOOKUP($A40,R_scores!$A:$T,12,FALSE) -> -0.0382 | AD40: =VLOOKUP($A40,R_scores!$A:$T,13,FALSE) -> -0.0106 | AE40: =VLOOKUP($A40,R_scores!$A:$T,14,FALSE) -> -0.0314 | AF40: =VLOOKUP($A40,R_scores!$A:$T,15,FALSE) -> 0.5845 | AG40: =VLOOKUP($A40,R_scores!$A:$T,16,FALSE) -> 0.6084 | AH40: =VLOOKUP($A40,R_scores!$A:$T,17,FALSE) -> -0.0205 | AI40: =VLOOKUP($A40,R_scores!$A:$T,18,FALSE) -> 0.0414 | AJ40: =VLOOKUP($A40,R_scores!$A:$T,19,FALSE) -> -0.1086 | AK40: =VLOOKUP($A40,R_scores!$A:$T,20,FALSE) -> 0.3664 | AL40: =VLOOKUP($A40,DW_avgs_500ns!$A:$HH,COLUMN(C40),FALSE) -> 0 | AM40: =VLOOKUP($A40,DW_avgs_500ns!$A:$HH,COLUMN(D40),FALSE) -> 0 | AN40: =VLOOKUP($A40,DW_avgs_500ns!$A:$HH,COLUMN(E40),FALSE) -> 0 | AO40: =VLOOKUP($A40,DW_avgs_500ns!$A:$HH,COLUMN(F40),FALSE) -> 0 | AP40: =VLOOKUP($A40,DW_avgs_500ns!$A:$HH,COLUMN(G40),FALSE) -> 0 | AQ40: =VLOOKUP($A40,DW_avgs_500ns!$A:$HH,COLUMN(H40),FALSE) -> 0 | AR40: =VLOOKUP($A40,DW_avgs_500ns!$A:$HH,COLUMN(I40),FALSE) -> 0 | AS40: =VLOOKUP($A40,DW_avgs_500ns!$A:$HH,COLUMN(J40),FALSE) -> 0 | ... IQ40: =VLOOKUP($A40,DW_avgs_500ns!$A:$HH,COLUMN(HH40),FALSE) -> 0 | IR40: =VLOOKUP(A40,pkt_vol!A:H,COLUMN(C40),FALSE) -> 1013.7350167115023 | IS40: =VLOOKUP($A40,pkt_vol!A:H,COLUMN(D40),FALSE) -> 142.6300760304876 | IT40: =VLOOKUP($A40,pkt_vol!A:H,COLUMN(G40),FALSE) -> 0.072552376 | IU40: =VLOOKUP($A40,lig_contacts!$A:$U,COLUMN(B40),FALSE) -> 15.77508763348822 | IV40: =VLOOKUP($A40,lig_contacts!$A:$U,COLUMN(C40),FALSE) -> 1.5774989822857504 | IW40: =VLOOKUP($A40,lig_contacts!$A:$U,COLUMN(D40),FALSE) -> 1 | IX40: =VLOOKUP($A40,lig_contacts!$A:$U,COLUMN(E40),FALSE) -> 1.5094970245373769 | IY40: =VLOOKUP($A40,lig_contacts!$A:$U,COLUMN(F40),FALSE) -> 0.6253811813324209 | IZ40: =VLOOKUP($A40,lig_contacts!$A:$U,COLUMN(G40),FALSE) -> 0.9365778103855872 | JA40: =VLOOKUP($A40,lig_contacts!$A:$U,COLUMN(H40),FALSE) -> 1.925654194179506 | JB40: =VLOOKUP($A40,lig_contacts!$A:$U,COLUMN(I40),FALSE) -> 0.4149521217147086 | ... JN40: =VLOOKUP($A40,lig_contacts!$A:$U,COLUMN(U40),FALSE) -> 0.042819561 | JO40: 0.932 | JP40: 2.2800000000000002 | JQ40: 0.9199999999999999 | JR40: 0.6869999999999999
A41: seq3_nb | B41: 3 | C41: nonbinder | D41: =IF(C41="Binder", 1,0) -> 0 | F41: MASELTPEERSELKNSIAEFHTYQLDPGSCSSLHAQRIHAPPELVWSIVRRFDKPQTYVHFIKSCSVEQNFEMRVGCTRDLIAISGLPANTGTVRLDILDDERRVTGASLIGGEHRLTNLKWVTTVHRFEKENRIWTVVLKSYVVDMPEGNSEDDTRMILDTGVKLILQKLATVAEAMARN | G41: 1.1964 | H41: 0.313 | I41: 0.7588 | J41: 0.1866 | K41: 0.8235 | L41: 0.1608 | M41: 0.5381 | N41: 0.1118 | O41: 14.3274 | P41: 2.6175 | Q41: 4.48 | R41: 86.57 | S41: 8.95 | T41: =VLOOKUP(A41,R_scores!A:T,3,FALSE) -> -0.0296 | U41: =VLOOKUP($A41,R_scores!$A:$T,4,FALSE) -> 0.1211 | V41: =VLOOKUP($A41,R_scores!$A:$T,5,FALSE) -> 0.3552 | W41: =VLOOKUP($A41,R_scores!$A:$T,6,FALSE) -> 0.1293 | X41: =VLOOKUP($A41,R_scores!$A:$T,7,FALSE) -> -0.0148 | Y41: =VLOOKUP($A41,R_scores!$A:$T,8,FALSE) -> -0.0071 | Z41: =VLOOKUP($A41,R_scores!$A:$T,9,FALSE) -> -0.0422 | AA41: =VLOOKUP($A41,R_scores!$A:$T,10,FALSE) -> 0.3344 | AB41: =VLOOKUP($A41,R_scores!$A:$T,11,FALSE) -> 0.114 | AC41: =VLOOKUP($A41,R_scores!$A:$T,12,FALSE) -> -0.096 | AD41: =VLOOKUP($A41,R_scores!$A:$T,13,FALSE) -> -0.0024 | AE41: =VLOOKUP($A41,R_scores!$A:$T,14,FALSE) -> -0.0139 | AF41: =VLOOKUP($A41,R_scores!$A:$T,15,FALSE) -> -0.0591 | AG41: =VLOOKUP($A41,R_scores!$A:$T,16,FALSE) -> 0.0505 | AH41: =VLOOKUP($A41,R_scores!$A:$T,17,FALSE) -> -0.0217 | AI41: =VLOOKUP($A41,R_scores!$A:$T,18,FALSE) -> -0.1396 | AJ41: =VLOOKUP($A41,R_scores!$A:$T,19,FALSE) -> -0.126 | AK41: =VLOOKUP($A41,R_scores!$A:$T,20,FALSE) -> -0.0956 | AL41: =VLOOKUP($A41,DW_avgs_500ns!$A:$HH,COLUMN(C41),FALSE) -> 0 | AM41: =VLOOKUP($A41,DW_avgs_500ns!$A:$HH,COLUMN(D41),FALSE) -> 0 | AN41: =VLOOKUP($A41,DW_avgs_500ns!$A:$HH,COLUMN(E41),FALSE) -> 0 | AO41: =VLOOKUP($A41,DW_avgs_500ns!$A:$HH,COLUMN(F41),FALSE) -> 0 | AP41: =VLOOKUP($A41,DW_avgs_500ns!$A:$HH,COLUMN(G41),FALSE) -> 0 | AQ41: =VLOOKUP($A41,DW_avgs_500ns!$A:$HH,COLUMN(H41),FALSE) -> 0 | AR41: =VLOOKUP($A41,DW_avgs_500ns!$A:$HH,COLUMN(I41),FALSE) -> 0 | AS41: =VLOOKUP($A41,DW_avgs_500ns!$A:$HH,COLUMN(J41),FALSE) -> 0 | ... IQ41: =VLOOKUP($A41,DW_avgs_500ns!$A:$HH,COLUMN(HH41),FALSE) -> 0 | IR41: =VLOOKUP(A41,pkt_vol!A:H,COLUMN(C41),FALSE) -> 1007.4983198826119 | IS41: =VLOOKUP($A41,pkt_vol!A:H,COLUMN(D41),FALSE) -> 148.82427192394746 | IT41: =VLOOKUP($A41,pkt_vol!A:H,COLUMN(G41),FALSE) -> 0.096274558 | IU41: =VLOOKUP($A41,lig_contacts!$A:$U,COLUMN(B41),FALSE) -> 12.023640661938536 | IV41: =VLOOKUP($A41,lig_contacts!$A:$U,COLUMN(C41),FALSE) -> 2.1278746845599983 | IW41: =VLOOKUP($A41,lig_contacts!$A:$U,COLUMN(D41),FALSE) -> 1 | IX41: =VLOOKUP($A41,lig_contacts!$A:$U,COLUMN(E41),FALSE) -> 3.6007173718105485 | IY41: =VLOOKUP($A41,lig_contacts!$A:$U,COLUMN(F41),FALSE) -> 0.95868487 | IZ41: =VLOOKUP($A41,lig_contacts!$A:$U,COLUMN(G41),FALSE) -> 0.99975544 | JA41: =VLOOKUP($A41,lig_contacts!$A:$U,COLUMN(H41),FALSE) -> 1.6382978723404256 | JB41: =VLOOKUP($A41,lig_contacts!$A:$U,COLUMN(I41),FALSE) -> 0.5991847712665538 | ... JN41: =VLOOKUP($A41,lig_contacts!$A:$U,COLUMN(U41),FALSE) -> 0.053391284 | JO41: 1.176 | JP41: 1.146 | JQ41: 0.916 | JR41: 0.879
A42: seq4_nb | B42: 4 | C42: nonbinder | D42: =IF(C42="Binder", 1,0) -> 0 | F42: MASELTPEERSELKNSIAEFHTYQLDPGSCSSLHAQRIHAPPELVWSIVRRFDKPQTYRHFIKSCSVEQNFEMRVGCTRDLIAISGLPANTATERLDILDDERRVTGVSIIGGEHRLTNYKSVTTVHRFEKENRIWTVVLKSYVVDMPEGNSEDDTRMIVDTGVKLLLQKLATVAEAMARN | G42: 0.7103 | H42: 0.0974 | I42: 0.3858 | J42: 0.1178 | K42: 0.8408 | L42: 0.1312 | M42: 0.5315 | N42: 0.1322 | O42: 13.365 | P42: 1.0407 | Q42: 0.01 | R42: 96.99 | S42: 3.01 | T42: =VLOOKUP(A42,R_scores!A:T,3,FALSE) -> -0.0107 | U42: =VLOOKUP($A42,R_scores!$A:$T,4,FALSE) -> -0.0448 | V42: =VLOOKUP($A42,R_scores!$A:$T,5,FALSE) -> -0.2225 | W42: =VLOOKUP($A42,R_scores!$A:$T,6,FALSE) -> -0.0801 | X42: =VLOOKUP($A42,R_scores!$A:$T,7,FALSE) -> -0.0422 | Y42: =VLOOKUP($A42,R_scores!$A:$T,8,FALSE) -> -0.0687 | Z42: =VLOOKUP($A42,R_scores!$A:$T,9,FALSE) -> -0.0283 | AA42: =VLOOKUP($A42,R_scores!$A:$T,10,FALSE) -> -0.2648 | AB42: =VLOOKUP($A42,R_scores!$A:$T,11,FALSE) -> -0.0766 | AC42: =VLOOKUP($A42,R_scores!$A:$T,12,FALSE) -> 0.1539 | AD42: =VLOOKUP($A42,R_scores!$A:$T,13,FALSE) -> -0.1169 | AE42: =VLOOKUP($A42,R_scores!$A:$T,14,FALSE) -> 0.236 | AF42: =VLOOKUP($A42,R_scores!$A:$T,15,FALSE) -> 0.0935 | AG42: =VLOOKUP($A42,R_scores!$A:$T,16,FALSE) -> -0.1032 | AH42: =VLOOKUP($A42,R_scores!$A:$T,17,FALSE) -> -0.0508 | AI42: =VLOOKUP($A42,R_scores!$A:$T,18,FALSE) -> -0.0372 | AJ42: =VLOOKUP($A42,R_scores!$A:$T,19,FALSE) -> -0.4242 | AK42: =VLOOKUP($A42,R_scores!$A:$T,20,FALSE) -> -0.1384 | AL42: =VLOOKUP($A42,DW_avgs_500ns!$A:$HH,COLUMN(C42),FALSE) -> 0 | AM42: =VLOOKUP($A42,DW_avgs_500ns!$A:$HH,COLUMN(D42),FALSE) -> 0 | AN42: =VLOOKUP($A42,DW_avgs_500ns!$A:$HH,COLUMN(E42),FALSE) -> 0 | AO42: =VLOOKUP($A42,DW_avgs_500ns!$A:$HH,COLUMN(F42),FALSE) -> 0 | AP42: =VLOOKUP($A42,DW_avgs_500ns!$A:$HH,COLUMN(G42),FALSE) -> 0 | AQ42: =VLOOKUP($A42,DW_avgs_500ns!$A:$HH,COLUMN(H42),FALSE) -> 0 | AR42: =VLOOKUP($A42,DW_avgs_500ns!$A:$HH,COLUMN(I42),FALSE) -> 0 | AS42: =VLOOKUP($A42,DW_avgs_500ns!$A:$HH,COLUMN(J42),FALSE) -> 0 | ... IQ42: =VLOOKUP($A42,DW_avgs_500ns!$A:$HH,COLUMN(HH42),FALSE) -> 0 | IR42: =VLOOKUP(A42,pkt_vol!A:H,COLUMN(C42),FALSE) -> 960.7648398141354 | IS42: =VLOOKUP($A42,pkt_vol!A:H,COLUMN(D42),FALSE) -> 183.91613093090595 | IT42: =VLOOKUP($A42,pkt_vol!A:H,COLUMN(G42),FALSE) -> 0.16719654357218555 | IU42: =VLOOKUP($A42,lig_contacts!$A:$U,COLUMN(B42),FALSE) -> 7.913915382734165 | IV42: =VLOOKUP($A42,lig_contacts!$A:$U,COLUMN(C42),FALSE) -> 1.3786944747584726 | IW42: =VLOOKUP($A42,lig_contacts!$A:$U,COLUMN(D42),FALSE) -> 0.99983696 | IX42: =VLOOKUP($A42,lig_contacts!$A:$U,COLUMN(E42),FALSE) -> 1.6583516752262166 | IY42: =VLOOKUP($A42,lig_contacts!$A:$U,COLUMN(F42),FALSE) -> 0.7187500285636226 | IZ42: =VLOOKUP($A42,lig_contacts!$A:$U,COLUMN(G42),FALSE) -> 0.9938045161816256 | JA42: =VLOOKUP($A42,lig_contacts!$A:$U,COLUMN(H42),FALSE) -> 2.681584739545121 | JB42: =VLOOKUP($A42,lig_contacts!$A:$U,COLUMN(I42),FALSE) -> 0.6583158807623299 | ... JN42: =VLOOKUP($A42,lig_contacts!$A:$U,COLUMN(U42),FALSE) -> 0.064454887 | JO42: 1.224 | JP42: 0.6320000000000001 | JQ42: 0.857 | JR42: 0.839
A43: seq5_nb | B43: 5 | C43: nonbinder | D43: =IF(C43="Binder", 1,0) -> 0 | F43: MASELTPEERSELKNSIAEFHTYQLDPGSCSSLHAQRIHAPPELVWSIVRRFDKPQTYRHFIKSCSVEQNFEMRVGCTRDLIAISGLPANTATERLDILDDERRVTGVSIIGGEHRLTNYKSVTTVHRFEKENRIWTVVLKSYVVDMPEGNSEDDTRMIVDTGVKLLLQKLATVAEAMARN | G43: 0.7163 | H43: 0.1169 | I43: 0.631 | J43: 0.2071 | K43: 0.7511 | L43: 0.1664 | M43: 0.6304 | N43: 0.1832 | O43: 13.4543 | P43: 1.2848 | Q43: 0.04 | R43: 91.35 | S43: 8.61 | T43: =VLOOKUP(A43,R_scores!A:T,3,FALSE) -> -0.0619 | U43: =VLOOKUP($A43,R_scores!$A:$T,4,FALSE) -> -0.0803 | V43: =VLOOKUP($A43,R_scores!$A:$T,5,FALSE) -> 0.1003 | W43: =VLOOKUP($A43,R_scores!$A:$T,6,FALSE) -> 0.221 | X43: =VLOOKUP($A43,R_scores!$A:$T,7,FALSE) -> 0.081 | Y43: =VLOOKUP($A43,R_scores!$A:$T,8,FALSE) -> -0.0206 | Z43: =VLOOKUP($A43,R_scores!$A:$T,9,FALSE) -> 0.3974 | AA43: =VLOOKUP($A43,R_scores!$A:$T,10,FALSE) -> 0.5313 | AB43: =VLOOKUP($A43,R_scores!$A:$T,11,FALSE) -> 0.0436 | AC43: =VLOOKUP($A43,R_scores!$A:$T,12,FALSE) -> 0.3377 | AD43: =VLOOKUP($A43,R_scores!$A:$T,13,FALSE) -> -0.0307 | AE43: =VLOOKUP($A43,R_scores!$A:$T,14,FALSE) -> 0.1637 | AF43: =VLOOKUP($A43,R_scores!$A:$T,15,FALSE) -> 0.2778 | AG43: =VLOOKUP($A43,R_scores!$A:$T,16,FALSE) -> -0.0838 | AH43: =VLOOKUP($A43,R_scores!$A:$T,17,FALSE) -> 0.0432 | AI43: =VLOOKUP($A43,R_scores!$A:$T,18,FALSE) -> 0.2448 | AJ43: =VLOOKUP($A43,R_scores!$A:$T,19,FALSE) -> -0.0463 | AK43: =VLOOKUP($A43,R_scores!$A:$T,20,FALSE) -> 0.2456 | AL43: =VLOOKUP($A43,DW_avgs_500ns!$A:$HH,COLUMN(C43),FALSE) -> 0 | AM43: =VLOOKUP($A43,DW_avgs_500ns!$A:$HH,COLUMN(D43),FALSE) -> 0 | AN43: =VLOOKUP($A43,DW_avgs_500ns!$A:$HH,COLUMN(E43),FALSE) -> 0 | AO43: =VLOOKUP($A43,DW_avgs_500ns!$A:$HH,COLUMN(F43),FALSE) -> 0 | AP43: =VLOOKUP($A43,DW_avgs_500ns!$A:$HH,COLUMN(G43),FALSE) -> 0 | AQ43: =VLOOKUP($A43,DW_avgs_500ns!$A:$HH,COLUMN(H43),FALSE) -> 0 | AR43: =VLOOKUP($A43,DW_avgs_500ns!$A:$HH,COLUMN(I43),FALSE) -> 0 | AS43: =VLOOKUP($A43,DW_avgs_500ns!$A:$HH,COLUMN(J43),FALSE) -> 0.0041 | ... IQ43: =VLOOKUP($A43,DW_avgs_500ns!$A:$HH,COLUMN(HH43),FALSE) -> 0 | IR43: =VLOOKUP(A43,pkt_vol!A:H,COLUMN(C43),FALSE) -> 1120.9499576098474 | IS43: =VLOOKUP($A43,pkt_vol!A:H,COLUMN(D43),FALSE) -> 164.05114477949485 | IT43: =VLOOKUP($A43,pkt_vol!A:H,COLUMN(G43),FALSE) -> 0.030325263 | IU43: =VLOOKUP($A43,lig_contacts!$A:$U,COLUMN(B43),FALSE) -> 13.385831906741664 | IV43: =VLOOKUP($A43,lig_contacts!$A:$U,COLUMN(C43),FALSE) -> 1.5548150605309548 | IW43: =VLOOKUP($A43,lig_contacts!$A:$U,COLUMN(D43),FALSE) -> 0.99991848 | IX43: =VLOOKUP($A43,lig_contacts!$A:$U,COLUMN(E43),FALSE) -> 3.331539903806962 | IY43: =VLOOKUP($A43,lig_contacts!$A:$U,COLUMN(F43),FALSE) -> 0.8964767687018617 | IZ43: =VLOOKUP($A43,lig_contacts!$A:$U,COLUMN(G43),FALSE) -> 0.9986141680932584 | JA43: =VLOOKUP($A43,lig_contacts!$A:$U,COLUMN(H43),FALSE) -> 2.702861335289802 | JB43: =VLOOKUP($A43,lig_contacts!$A:$U,COLUMN(I43),FALSE) -> 0.6417405186055571 | ... JN43: =VLOOKUP($A43,lig_contacts!$A:$U,COLUMN(U43),FALSE) -> 0.051573083 | JO43: 1.128 | JP43: 1.0630000000000002 | JQ43: 0.872 | JR43: 0.905
A44: seq6_nb | B44: 6 | C44: nonbinder | D44: =IF(C44="Binder", 1,0) -> 0 | F44: MASELTPEERSELKNSIAEFHTYQLDPGSCSSLHAQRIHAPPELVWSIVRRFDKPQTYLHFIKSCSVEQNFEMRVGCTRDLIVISGLPANTATVRLDILDDERRVTGGSVIGGEHRLTNLKWVTTVHRFEKENRIWTVVLQSYVVDMPEGNSEDDTRMYVDTFVKLTLQKLATVAEAMARN | G44: 0.4061 | H44: 0.0797 | I44: 0.4606 | J44: 0.047 | K44: 0.6045 | L44: 0.1105 | M44: 0.34 | N44: 0.0647 | O44: 13.166 | P44: 1.4499 | Q44: 1.12 | R44: 88.33 | S44: 10.54 | T44: =VLOOKUP(A44,R_scores!A:T,3,FALSE) -> 0.2996 | U44: =VLOOKUP($A44,R_scores!$A:$T,4,FALSE) -> -0.0324 | V44: =VLOOKUP($A44,R_scores!$A:$T,5,FALSE) -> 0 | W44: =VLOOKUP($A44,R_scores!$A:$T,6,FALSE) -> 0.0008 | X44: =VLOOKUP($A44,R_scores!$A:$T,7,FALSE) -> -0.0005 | Y44: =VLOOKUP($A44,R_scores!$A:$T,8,FALSE) -> -0.0096 | Z44: =VLOOKUP($A44,R_scores!$A:$T,9,FALSE) -> -0.0254 | AA44: =VLOOKUP($A44,R_scores!$A:$T,10,FALSE) -> 0.0321 | AB44: =VLOOKUP($A44,R_scores!$A:$T,11,FALSE) -> 0.0977 | AC44: =VLOOKUP($A44,R_scores!$A:$T,12,FALSE) -> 0.0611 | AD44: =VLOOKUP($A44,R_scores!$A:$T,13,FALSE) -> -0.0835 | AE44: =VLOOKUP($A44,R_scores!$A:$T,14,FALSE) -> 0.3649 | AF44: =VLOOKUP($A44,R_scores!$A:$T,15,FALSE) -> 0.0983 | AG44: =VLOOKUP($A44,R_scores!$A:$T,16,FALSE) -> 0.5387 | AH44: =VLOOKUP($A44,R_scores!$A:$T,17,FALSE) -> -0.1167 | AI44: =VLOOKUP($A44,R_scores!$A:$T,18,FALSE) -> 0.1153 | AJ44: =VLOOKUP($A44,R_scores!$A:$T,19,FALSE) -> 0.7375 | AK44: =VLOOKUP($A44,R_scores!$A:$T,20,FALSE) -> 0.4288 | AL44: =VLOOKUP($A44,DW_avgs_500ns!$A:$HH,COLUMN(C44),FALSE) -> 0 | AM44: =VLOOKUP($A44,DW_avgs_500ns!$A:$HH,COLUMN(D44),FALSE) -> 0 | AN44: =VLOOKUP($A44,DW_avgs_500ns!$A:$HH,COLUMN(E44),FALSE) -> 0 | AO44: =VLOOKUP($A44,DW_avgs_500ns!$A:$HH,COLUMN(F44),FALSE) -> 0 | AP44: =VLOOKUP($A44,DW_avgs_500ns!$A:$HH,COLUMN(G44),FALSE) -> 0 | AQ44: =VLOOKUP($A44,DW_avgs_500ns!$A:$HH,COLUMN(H44),FALSE) -> 0 | AR44: =VLOOKUP($A44,DW_avgs_500ns!$A:$HH,COLUMN(I44),FALSE) -> 0 | AS44: =VLOOKUP($A44,DW_avgs_500ns!$A:$HH,COLUMN(J44),FALSE) -> 0 | ... IQ44: =VLOOKUP($A44,DW_avgs_500ns!$A:$HH,COLUMN(HH44),FALSE) -> 0 | IR44: =VLOOKUP(A44,pkt_vol!A:H,COLUMN(C44),FALSE) -> 984.3928866063421 | IS44: =VLOOKUP($A44,pkt_vol!A:H,COLUMN(D44),FALSE) -> 83.36575738916616 | IT44: =VLOOKUP($A44,pkt_vol!A:H,COLUMN(G44),FALSE) -> 0.020461401 | IU44: =VLOOKUP($A44,lig_contacts!$A:$U,COLUMN(B44),FALSE) -> 10.408005217249531 | IV44: =VLOOKUP($A44,lig_contacts!$A:$U,COLUMN(C44),FALSE) -> 0.9970582755442854 | IW44: =VLOOKUP($A44,lig_contacts!$A:$U,COLUMN(D44),FALSE) -> 1 | IX44: =VLOOKUP($A44,lig_contacts!$A:$U,COLUMN(E44),FALSE) -> 4.881307573163773 | IY44: =VLOOKUP($A44,lig_contacts!$A:$U,COLUMN(F44),FALSE) -> 0.5102027296541801 | IZ44: =VLOOKUP($A44,lig_contacts!$A:$U,COLUMN(G44),FALSE) -> 1 | JA44: =VLOOKUP($A44,lig_contacts!$A:$U,COLUMN(H44),FALSE) -> 1.7959566316132711 | JB44: =VLOOKUP($A44,lig_contacts!$A:$U,COLUMN(I44),FALSE) -> 0.43057889 | ... JN44: =VLOOKUP($A44,lig_contacts!$A:$U,COLUMN(U44),FALSE) -> 0.03479865 | JO44: 1.7189999999999999 | JP44: 1.178 | JQ44: 0.7030000000000001 | JR44: 1.026
A45: seq7_nb | B45: 7 | C45: nonbinder | D45: =IF(C45="Binder", 1,0) -> 0 | F45: MASELTPEERSELKNSIAEFHTYQLDPGSCSSLHAQRIHAPPELVWSIVRRFDKPQTYVHFIKSCSVEQNFEMRVGCTRDLIAISGLPANTGTVRLDILDDERRVTGASLIGGEHRLTNLKWVTTVHRFEKENRIWTVVLKSYVVDMPEGNSEDDTRMIVDTGVKLLLQKLATVAEAMARN | G45: 0.9891 | H45: 0.4022 | I45: 0.4444 | J45: 0.056 | K45: 0.6662 | L45: 0.1267 | M45: 0.6355 | N45: 0.1372 | O45: 13.1827 | P45: 3.3832 | Q45: 7.06 | R45: 53.99 | S45: 38.95 | T45: =VLOOKUP(A45,R_scores!A:T,3,FALSE) -> 0.1318 | U45: =VLOOKUP($A45,R_scores!$A:$T,4,FALSE) -> 0.0397 | V45: =VLOOKUP($A45,R_scores!$A:$T,5,FALSE) -> 0.2066 | W45: =VLOOKUP($A45,R_scores!$A:$T,6,FALSE) -> 0.0392 | X45: =VLOOKUP($A45,R_scores!$A:$T,7,FALSE) -> 0.0528 | Y45: =VLOOKUP($A45,R_scores!$A:$T,8,FALSE) -> 0.054 | Z45: =VLOOKUP($A45,R_scores!$A:$T,9,FALSE) -> -0.0733 | AA45: =VLOOKUP($A45,R_scores!$A:$T,10,FALSE) -> -0.0204 | AB45: =VLOOKUP($A45,R_scores!$A:$T,11,FALSE) -> -0.1145 | AC45: =VLOOKUP($A45,R_scores!$A:$T,12,FALSE) -> 0.0045 | AD45: =VLOOKUP($A45,R_scores!$A:$T,13,FALSE) -> -0.001 | AE45: =VLOOKUP($A45,R_scores!$A:$T,14,FALSE) -> -0.0191 | AF45: =VLOOKUP($A45,R_scores!$A:$T,15,FALSE) -> -0.1336 | AG45: =VLOOKUP($A45,R_scores!$A:$T,16,FALSE) -> -0.0083 | AH45: =VLOOKUP($A45,R_scores!$A:$T,17,FALSE) -> 0.0395 | AI45: =VLOOKUP($A45,R_scores!$A:$T,18,FALSE) -> -0.0393 | AJ45: =VLOOKUP($A45,R_scores!$A:$T,19,FALSE) -> 0.0866 | AK45: =VLOOKUP($A45,R_scores!$A:$T,20,FALSE) -> -0.0424 | AL45: =VLOOKUP($A45,DW_avgs_500ns!$A:$HH,COLUMN(C45),FALSE) -> 0 | AM45: =VLOOKUP($A45,DW_avgs_500ns!$A:$HH,COLUMN(D45),FALSE) -> 0 | AN45: =VLOOKUP($A45,DW_avgs_500ns!$A:$HH,COLUMN(E45),FALSE) -> 0 | AO45: =VLOOKUP($A45,DW_avgs_500ns!$A:$HH,COLUMN(F45),FALSE) -> 0 | AP45: =VLOOKUP($A45,DW_avgs_500ns!$A:$HH,COLUMN(G45),FALSE) -> 0 | AQ45: =VLOOKUP($A45,DW_avgs_500ns!$A:$HH,COLUMN(H45),FALSE) -> 0 | AR45: =VLOOKUP($A45,DW_avgs_500ns!$A:$HH,COLUMN(I45),FALSE) -> 0 | AS45: =VLOOKUP($A45,DW_avgs_500ns!$A:$HH,COLUMN(J45),FALSE) -> 0 | ... IQ45: =VLOOKUP($A45,DW_avgs_500ns!$A:$HH,COLUMN(HH45),FALSE) -> 0 | IR45: =VLOOKUP(A45,pkt_vol!A:H,COLUMN(C45),FALSE) -> 759.1221162468411 | IS45: =VLOOKUP($A45,pkt_vol!A:H,COLUMN(D45),FALSE) -> 187.81510322751936 | IT45: =VLOOKUP($A45,pkt_vol!A:H,COLUMN(G45),FALSE) -> 0.5296323469470938 | IU45: =VLOOKUP($A45,lig_contacts!$A:$U,COLUMN(B45),FALSE) -> 11.982880899975545 | IV45: =VLOOKUP($A45,lig_contacts!$A:$U,COLUMN(C45),FALSE) -> 2.561995714668964 | IW45: =VLOOKUP($A45,lig_contacts!$A:$U,COLUMN(D45),FALSE) -> 0.9979620119018504 | IX45: =VLOOKUP($A45,lig_contacts!$A:$U,COLUMN(E45),FALSE) -> 1.2462704817803865 | IY45: =VLOOKUP($A45,lig_contacts!$A:$U,COLUMN(F45),FALSE) -> 0.6705084265364358 | IZ45: =VLOOKUP($A45,lig_contacts!$A:$U,COLUMN(G45),FALSE) -> 0.9239422841770604 | JA45: =VLOOKUP($A45,lig_contacts!$A:$U,COLUMN(H45),FALSE) -> 1.8859541860275533 | JB45: =VLOOKUP($A45,lig_contacts!$A:$U,COLUMN(I45),FALSE) -> 1.2450423380737037 | ... JN45: =VLOOKUP($A45,lig_contacts!$A:$U,COLUMN(U45),FALSE) -> 0.069491197 | JO45: 1.548 | JP45: 0.8699999999999999 | JQ45: 1.076 | JR45: 1.258
A46: pair_0052_nb | B46: 0052 | C46: nonbinder | D46: =IF(C46="Binder", 1,0) -> 0 | F46: MASELTPEERSELKNSIAEFHTYQLDPGSCSSLHAQRIHAPPELVWSIVRRFDKPQTYRHFIKSCSVEQNFEMRVGCTRDLIVISGLPANTATVRLDILDDERRVTGASVIGGEHRLTNLKWVTTVHRFEKENRIWTVVLQSYVVDMPEGNSEDDTRMYVDTLVKLGLQKLATVAEAMARN | G46: 0.5501 | H46: 0.1786 | I46: 0.5044 | J46: 0.0619 | K46: 0.5821 | L46: 0.1064 | M46: 0.4203 | N46: 0.1212 | O46: 15.3277 | P46: 1.9614 | Q46: 1.55 | R46: 95.53 | S46: 2.92 | T46: =VLOOKUP(A46,R_scores!A:T,3,FALSE) -> 0.3318 | U46: =VLOOKUP($A46,R_scores!$A:$T,4,FALSE) -> 0.6436 | V46: =VLOOKUP($A46,R_scores!$A:$T,5,FALSE) -> 0.2957 | W46: =VLOOKUP($A46,R_scores!$A:$T,6,FALSE) -> 0.2979 | X46: =VLOOKUP($A46,R_scores!$A:$T,7,FALSE) -> -0.041 | Y46: =VLOOKUP($A46,R_scores!$A:$T,8,FALSE) -> -0.0079 | Z46: =VLOOKUP($A46,R_scores!$A:$T,9,FALSE) -> -0.0034 | AA46: =VLOOKUP($A46,R_scores!$A:$T,10,FALSE) -> 0.5828 | AB46: =VLOOKUP($A46,R_scores!$A:$T,11,FALSE) -> 0.1101 | AC46: =VLOOKUP($A46,R_scores!$A:$T,12,FALSE) -> 0.1764 | AD46: =VLOOKUP($A46,R_scores!$A:$T,13,FALSE) -> 0.0054 | AE46: =VLOOKUP($A46,R_scores!$A:$T,14,FALSE) -> -0.0088 | AF46: =VLOOKUP($A46,R_scores!$A:$T,15,FALSE) -> 0.096 | AG46: =VLOOKUP($A46,R_scores!$A:$T,16,FALSE) -> 0.5839 | AH46: =VLOOKUP($A46,R_scores!$A:$T,17,FALSE) -> -0.1006 | AI46: =VLOOKUP($A46,R_scores!$A:$T,18,FALSE) -> 0 | AJ46: =VLOOKUP($A46,R_scores!$A:$T,19,FALSE) -> -0.1736 | AK46: =VLOOKUP($A46,R_scores!$A:$T,20,FALSE) -> 0.1829 | AL46: =VLOOKUP($A46,DW_avgs_500ns!$A:$HH,COLUMN(C46),FALSE) -> 0 | AM46: =VLOOKUP($A46,DW_avgs_500ns!$A:$HH,COLUMN(D46),FALSE) -> 0 | AN46: =VLOOKUP($A46,DW_avgs_500ns!$A:$HH,COLUMN(E46),FALSE) -> 0 | AO46: =VLOOKUP($A46,DW_avgs_500ns!$A:$HH,COLUMN(F46),FALSE) -> 0 | AP46: =VLOOKUP($A46,DW_avgs_500ns!$A:$HH,COLUMN(G46),FALSE) -> 0 | AQ46: =VLOOKUP($A46,DW_avgs_500ns!$A:$HH,COLUMN(H46),FALSE) -> 0 | AR46: =VLOOKUP($A46,DW_avgs_500ns!$A:$HH,COLUMN(I46),FALSE) -> 0 | AS46: =VLOOKUP($A46,DW_avgs_500ns!$A:$HH,COLUMN(J46),FALSE) -> 0 | ... IQ46: =VLOOKUP($A46,DW_avgs_500ns!$A:$HH,COLUMN(HH46),FALSE) -> 0 | IR46: =VLOOKUP(A46,pkt_vol!A:H,COLUMN(C46),FALSE) -> 868.0034759925003 | IS46: =VLOOKUP($A46,pkt_vol!A:H,COLUMN(D46),FALSE) -> 108.3328163245122 | IT46: =VLOOKUP($A46,pkt_vol!A:H,COLUMN(G46),FALSE) -> 0.2174125703105894 | IU46: =VLOOKUP($A46,lig_contacts!$A:$U,COLUMN(B46),FALSE) -> 13.540719002201028 | IV46: =VLOOKUP($A46,lig_contacts!$A:$U,COLUMN(C46),FALSE) -> 1.1083184016779148 | IW46: =VLOOKUP($A46,lig_contacts!$A:$U,COLUMN(D46),FALSE) -> 1 | IX46: =VLOOKUP($A46,lig_contacts!$A:$U,COLUMN(E46),FALSE) -> 2.8248960626069946 | IY46: =VLOOKUP($A46,lig_contacts!$A:$U,COLUMN(F46),FALSE) -> 0.7008755975803352 | IZ46: =VLOOKUP($A46,lig_contacts!$A:$U,COLUMN(G46),FALSE) -> 1 | JA46: =VLOOKUP($A46,lig_contacts!$A:$U,COLUMN(H46),FALSE) -> 2.847313931686639 | JB46: =VLOOKUP($A46,lig_contacts!$A:$U,COLUMN(I46),FALSE) -> 0.3863467311810828 | ... JN46: =VLOOKUP($A46,lig_contacts!$A:$U,COLUMN(U46),FALSE) -> 0.034519209 | JO46: 0.8640000000000001 | JP46: 1.255 | JQ46: 0.634 | JR46: 0.898
A47: pair_0091_nb | B47: 0091 | C47: nonbinder | D47: =IF(C47="Binder", 1,0) -> 0 | F47: MASELTPEERSELKNSIAEFHTYQLDPGSCSSLHAQRIHAPPELVWSIVRRFDKPQTYRHFIKSCSVEQNFEMRVGCTRDLILISGLPANTATVRLDILDDERRVTGASVIGGEHRVTNLKWVTTVHRFEKENRIWTVVLQSYVVDMPEGNSEDDTRMRMDTLIKLGLQKLATVAEAMARN | G47: 0.415 | H47: 0.0781 | I47: 0.4426 | J47: 0.1114 | K47: 0.6474 | L47: 0.1445 | M47: 0.7145 | N47: 0.1886 | O47: 10.7648 | P47: 1.9226 | Q47: 21.01 | R47: 30.47 | S47: 48.52 | T47: =VLOOKUP(A47,R_scores!A:T,3,FALSE) -> 0.0076 | U47: =VLOOKUP($A47,R_scores!$A:$T,4,FALSE) -> 0.3404 | V47: =VLOOKUP($A47,R_scores!$A:$T,5,FALSE) -> 0.0025 | W47: =VLOOKUP($A47,R_scores!$A:$T,6,FALSE) -> 0.3572 | X47: =VLOOKUP($A47,R_scores!$A:$T,7,FALSE) -> -0.009 | Y47: =VLOOKUP($A47,R_scores!$A:$T,8,FALSE) -> -0.1543 | Z47: =VLOOKUP($A47,R_scores!$A:$T,9,FALSE) -> 0.1311 | AA47: =VLOOKUP($A47,R_scores!$A:$T,10,FALSE) -> 0.1218 | AB47: =VLOOKUP($A47,R_scores!$A:$T,11,FALSE) -> 0.4137 | AC47: =VLOOKUP($A47,R_scores!$A:$T,12,FALSE) -> -0.1642 | AD47: =VLOOKUP($A47,R_scores!$A:$T,13,FALSE) -> -0.2352 | AE47: =VLOOKUP($A47,R_scores!$A:$T,14,FALSE) -> -0.1136 | AF47: =VLOOKUP($A47,R_scores!$A:$T,15,FALSE) -> 0.4791 | AG47: =VLOOKUP($A47,R_scores!$A:$T,16,FALSE) -> 0.3685 | AH47: =VLOOKUP($A47,R_scores!$A:$T,17,FALSE) -> -0.0263 | AI47: =VLOOKUP($A47,R_scores!$A:$T,18,FALSE) -> 0.1036 | AJ47: =VLOOKUP($A47,R_scores!$A:$T,19,FALSE) -> 0.1509 | AK47: =VLOOKUP($A47,R_scores!$A:$T,20,FALSE) -> 0.2861 | AL47: =VLOOKUP($A47,DW_avgs_500ns!$A:$HH,COLUMN(C47),FALSE) -> 0 | AM47: =VLOOKUP($A47,DW_avgs_500ns!$A:$HH,COLUMN(D47),FALSE) -> 0 | AN47: =VLOOKUP($A47,DW_avgs_500ns!$A:$HH,COLUMN(E47),FALSE) -> 0 | AO47: =VLOOKUP($A47,DW_avgs_500ns!$A:$HH,COLUMN(F47),FALSE) -> 0 | AP47: =VLOOKUP($A47,DW_avgs_500ns!$A:$HH,COLUMN(G47),FALSE) -> 0 | AQ47: =VLOOKUP($A47,DW_avgs_500ns!$A:$HH,COLUMN(H47),FALSE) -> 0 | AR47: =VLOOKUP($A47,DW_avgs_500ns!$A:$HH,COLUMN(I47),FALSE) -> 0 | AS47: =VLOOKUP($A47,DW_avgs_500ns!$A:$HH,COLUMN(J47),FALSE) -> 0 | ... IQ47: =VLOOKUP($A47,DW_avgs_500ns!$A:$HH,COLUMN(HH47),FALSE) -> 0 | IR47: =VLOOKUP(A47,pkt_vol!A:H,COLUMN(C47),FALSE) -> 967.6666519931524 | IS47: =VLOOKUP($A47,pkt_vol!A:H,COLUMN(D47),FALSE) -> 107.74272132764591 | IT47: =VLOOKUP($A47,pkt_vol!A:H,COLUMN(G47),FALSE) -> 0.069780712 | IU47: =VLOOKUP($A47,lig_contacts!$A:$U,COLUMN(B47),FALSE) -> 14.893290943180892 | IV47: =VLOOKUP($A47,lig_contacts!$A:$U,COLUMN(C47),FALSE) -> 1.483896819629676 | IW47: =VLOOKUP($A47,lig_contacts!$A:$U,COLUMN(D47),FALSE) -> 1 | IX47: =VLOOKUP($A47,lig_contacts!$A:$U,COLUMN(E47),FALSE) -> 1.0816825629738325 | IY47: =VLOOKUP($A47,lig_contacts!$A:$U,COLUMN(F47),FALSE) -> 0.3718463021819887 | IZ47: =VLOOKUP($A47,lig_contacts!$A:$U,COLUMN(G47),FALSE) -> 0.9725279204369448 | JA47: =VLOOKUP($A47,lig_contacts!$A:$U,COLUMN(H47),FALSE) -> 2.326404173799625 | JB47: =VLOOKUP($A47,lig_contacts!$A:$U,COLUMN(I47),FALSE) -> 0.6488872584472041 | ... JN47: =VLOOKUP($A47,lig_contacts!$A:$U,COLUMN(U47),FALSE) -> 0.039270875 | JO47: 1.701 | JP47: 0.636 | JQ47: 0.664 | JR47: 1.472
A48: pair_0246_nb | B48: 0246 | C48: nonbinder | D48: =IF(C48="Binder", 1,0) -> 0 | F48: MASELTPEERSELKNSIAEFHTYQLDPGSCSSLHAQRIHAPPELVWSIVRRFDKPQTYRHFIKSCSVEQNFEMRVGCTRDLIVISGLPANTGTVRLDILDDERRVTGSSVIGGEHRLTNFKWVTTVHRFEKENRIWTVVLQSYVVDMPEGNSEDDTRMFVDTFVKLALQKLATVAEAMARN | G48: 0.6474 | H48: 0.166 | I48: 0.4122 | J48: 0.0739 | K48: 0.6966 | L48: 0.1312 | M48: 0.5388 | N48: 0.1851 | O48: 9.8268 | P48: 2.1303 | Q48: 46.45 | R48: 20.23 | S48: 33.32 | T48: =VLOOKUP(A48,R_scores!A:T,3,FALSE) -> 0.1895 | U48: =VLOOKUP($A48,R_scores!$A:$T,4,FALSE) -> -0.0202 | V48: =VLOOKUP($A48,R_scores!$A:$T,5,FALSE) -> 0.1119 | W48: =VLOOKUP($A48,R_scores!$A:$T,6,FALSE) -> 0.1367 | X48: =VLOOKUP($A48,R_scores!$A:$T,7,FALSE) -> 0.0009 | Y48: =VLOOKUP($A48,R_scores!$A:$T,8,FALSE) -> -0.0049 | Z48: =VLOOKUP($A48,R_scores!$A:$T,9,FALSE) -> 0.2339 | AA48: =VLOOKUP($A48,R_scores!$A:$T,10,FALSE) -> 0.0478 | AB48: =VLOOKUP($A48,R_scores!$A:$T,11,FALSE) -> 0.0451 | AC48: =VLOOKUP($A48,R_scores!$A:$T,12,FALSE) -> 0.1484 | AD48: =VLOOKUP($A48,R_scores!$A:$T,13,FALSE) -> -0.0035 | AE48: =VLOOKUP($A48,R_scores!$A:$T,14,FALSE) -> 0.1915 | AF48: =VLOOKUP($A48,R_scores!$A:$T,15,FALSE) -> 0.3894 | AG48: =VLOOKUP($A48,R_scores!$A:$T,16,FALSE) -> 0.1979 | AH48: =VLOOKUP($A48,R_scores!$A:$T,17,FALSE) -> 0.0179 | AI48: =VLOOKUP($A48,R_scores!$A:$T,18,FALSE) -> 0.1351 | AJ48: =VLOOKUP($A48,R_scores!$A:$T,19,FALSE) -> 0.4096 | AK48: =VLOOKUP($A48,R_scores!$A:$T,20,FALSE) -> 0.5029 | AL48: =VLOOKUP($A48,DW_avgs_500ns!$A:$HH,COLUMN(C48),FALSE) -> 0 | AM48: =VLOOKUP($A48,DW_avgs_500ns!$A:$HH,COLUMN(D48),FALSE) -> 0 | AN48: =VLOOKUP($A48,DW_avgs_500ns!$A:$HH,COLUMN(E48),FALSE) -> 0 | AO48: =VLOOKUP($A48,DW_avgs_500ns!$A:$HH,COLUMN(F48),FALSE) -> 0 | AP48: =VLOOKUP($A48,DW_avgs_500ns!$A:$HH,COLUMN(G48),FALSE) -> 0 | AQ48: =VLOOKUP($A48,DW_avgs_500ns!$A:$HH,COLUMN(H48),FALSE) -> 0 | AR48: =VLOOKUP($A48,DW_avgs_500ns!$A:$HH,COLUMN(I48),FALSE) -> 0 | AS48: =VLOOKUP($A48,DW_avgs_500ns!$A:$HH,COLUMN(J48),FALSE) -> 0 | ... IQ48: =VLOOKUP($A48,DW_avgs_500ns!$A:$HH,COLUMN(HH48),FALSE) -> 0 | IR48: =VLOOKUP(A48,pkt_vol!A:H,COLUMN(C48),FALSE) -> 864.0204850411675 | IS48: =VLOOKUP($A48,pkt_vol!A:H,COLUMN(D48),FALSE) -> 81.37134765119286 | IT48: =VLOOKUP($A48,pkt_vol!A:H,COLUMN(G48),FALSE) -> 0.20388032933887665 | IU48: =VLOOKUP($A48,lig_contacts!$A:$U,COLUMN(B48),FALSE) -> 12.595989239422842 | IV48: =VLOOKUP($A48,lig_contacts!$A:$U,COLUMN(C48),FALSE) -> 1.3839064590335066 | IW48: =VLOOKUP($A48,lig_contacts!$A:$U,COLUMN(D48),FALSE) -> 1 | IX48: =VLOOKUP($A48,lig_contacts!$A:$U,COLUMN(E48),FALSE) -> 3.422760251080134 | IY48: =VLOOKUP($A48,lig_contacts!$A:$U,COLUMN(F48),FALSE) -> 0.8232362288389713 | IZ48: =VLOOKUP($A48,lig_contacts!$A:$U,COLUMN(G48),FALSE) -> 1 | JA48: =VLOOKUP($A48,lig_contacts!$A:$U,COLUMN(H48),FALSE) -> 2.2296404988994865 | JB48: =VLOOKUP($A48,lig_contacts!$A:$U,COLUMN(I48),FALSE) -> 0.6072912805947727 | ... JN48: =VLOOKUP($A48,lig_contacts!$A:$U,COLUMN(U48),FALSE) -> 0.045223074 | JO48: 2.605 | JP48: 1.401 | JQ48: 1.082 | JR48: 1.691
A49: pair_0269_nb | B49: 0269 | C49: nonbinder | D49: =IF(C49="Binder", 1,0) -> 0 | F49: MASELTPEERSELKNSIAEFHTYQLDPGSCSSLHAQRIHAPPELVWSIVRRFDKPQTYRHFIKSCSVEQNFEMRVGCTRDLIVISGLPANTGTVRLDILDDERRVTGASVIGGEHRLTNFKWVTTVHRFEKENRIWTVVLQSYVVDMPEGNSEDDTRMYVDTFFKLALQKLATVAEAMARN | G49: 0.3133 | H49: 0.0465 | I49: 0.401 | J49: 0.1379 | K49: 0.5913 | L49: 0.1218 | M49: 0.5769 | N49: 0.2518 | O49: 8.4353 | P49: 1.2276 | Q49: 80.76 | R49: 0.46 | S49: 18.78 | T49: =VLOOKUP(A49,R_scores!A:T,3,FALSE) -> -0.4845 | U49: =VLOOKUP($A49,R_scores!$A:$T,4,FALSE) -> -0.0736 | V49: =VLOOKUP($A49,R_scores!$A:$T,5,FALSE) -> 0.0222 | W49: =VLOOKUP($A49,R_scores!$A:$T,6,FALSE) -> 0.2553 | X49: =VLOOKUP($A49,R_scores!$A:$T,7,FALSE) -> 0 | Y49: =VLOOKUP($A49,R_scores!$A:$T,8,FALSE) -> -0.0012 | Z49: =VLOOKUP($A49,R_scores!$A:$T,9,FALSE) -> 0.1922 | AA49: =VLOOKUP($A49,R_scores!$A:$T,10,FALSE) -> 0.0608 | AB49: =VLOOKUP($A49,R_scores!$A:$T,11,FALSE) -> -0.0206 | AC49: =VLOOKUP($A49,R_scores!$A:$T,12,FALSE) -> 0.1313 | AD49: =VLOOKUP($A49,R_scores!$A:$T,13,FALSE) -> -0.0012 | AE49: =VLOOKUP($A49,R_scores!$A:$T,14,FALSE) -> -0.0087 | AF49: =VLOOKUP($A49,R_scores!$A:$T,15,FALSE) -> 0.1346 | AG49: =VLOOKUP($A49,R_scores!$A:$T,16,FALSE) -> 0.2943 | AH49: =VLOOKUP($A49,R_scores!$A:$T,17,FALSE) -> -0.0032 | AI49: =VLOOKUP($A49,R_scores!$A:$T,18,FALSE) -> 0.0001 | AJ49: =VLOOKUP($A49,R_scores!$A:$T,19,FALSE) -> 0.6092 | AK49: =VLOOKUP($A49,R_scores!$A:$T,20,FALSE) -> 0.1666 | AL49: =VLOOKUP($A49,DW_avgs_500ns!$A:$HH,COLUMN(C49),FALSE) -> 0 | AM49: =VLOOKUP($A49,DW_avgs_500ns!$A:$HH,COLUMN(D49),FALSE) -> 0 | AN49: =VLOOKUP($A49,DW_avgs_500ns!$A:$HH,COLUMN(E49),FALSE) -> 0 | AO49: =VLOOKUP($A49,DW_avgs_500ns!$A:$HH,COLUMN(F49),FALSE) -> 0 | AP49: =VLOOKUP($A49,DW_avgs_500ns!$A:$HH,COLUMN(G49),FALSE) -> 0 | AQ49: =VLOOKUP($A49,DW_avgs_500ns!$A:$HH,COLUMN(H49),FALSE) -> 0 | AR49: =VLOOKUP($A49,DW_avgs_500ns!$A:$HH,COLUMN(I49),FALSE) -> 0 | AS49: =VLOOKUP($A49,DW_avgs_500ns!$A:$HH,COLUMN(J49),FALSE) -> 0 | ... IQ49: =VLOOKUP($A49,DW_avgs_500ns!$A:$HH,COLUMN(HH49),FALSE) -> 0 | IR49: =VLOOKUP(A49,pkt_vol!A:H,COLUMN(C49),FALSE) -> 1031.5480410858402 | IS49: =VLOOKUP($A49,pkt_vol!A:H,COLUMN(D49),FALSE) -> 87.94046292290083 | IT49: =VLOOKUP($A49,pkt_vol!A:H,COLUMN(G49),FALSE) -> 0.01190185 | IU49: =VLOOKUP($A49,lig_contacts!$A:$U,COLUMN(B49),FALSE) -> 13.508274231678486 | IV49: =VLOOKUP($A49,lig_contacts!$A:$U,COLUMN(C49),FALSE) -> 1.442801178162434 | IW49: =VLOOKUP($A49,lig_contacts!$A:$U,COLUMN(D49),FALSE) -> 1 | IX49: =VLOOKUP($A49,lig_contacts!$A:$U,COLUMN(E49),FALSE) -> 0.85130839 | IY49: =VLOOKUP($A49,lig_contacts!$A:$U,COLUMN(F49),FALSE) -> 0.7303183146130426 | IZ49: =VLOOKUP($A49,lig_contacts!$A:$U,COLUMN(G49),FALSE) -> 0.6615309366593299 | JA49: =VLOOKUP($A49,lig_contacts!$A:$U,COLUMN(H49),FALSE) -> 2.8946767750876337 | JB49: =VLOOKUP($A49,lig_contacts!$A:$U,COLUMN(I49),FALSE) -> 0.6431358627447363 | ... JN49: =VLOOKUP($A49,lig_contacts!$A:$U,COLUMN(U49),FALSE) -> 0.047893098 | JO49: 1.062 | JP49: 2.31 | JQ49: 0.895 | JR49: 1.35
A50: pair_0272_nb | B50: 0272 | C50: nonbinder | D50: =IF(C50="Binder", 1,0) -> 0 | F50: MASELTPEERSELKNSIAEFHTYQLDPGSCSSLHAQRIHAPPELVWSIVRRFDKPQTYRHFIKSCSVEQNFEMRVGCTRDLIVISGLPANTATVRLDILDDERRVTGQSVIGGEHRVTNLKWVTTVHRFEKENRIWTVVLQSYVVDMPEGNSEDDTRMLMDTLFKLALQKLATVAEAMARN | G50: 0.5263 | H50: 0.0979 | I50: 0.3974 | J50: 0.1113 | K50: 0.6361 | L50: 0.1226 | M50: 0.3389 | N50: 0.0874 | O50: 10.556 | P50: 1.6046 | Q50: 16.02 | R50: 25.96 | S50: 58.02 | T50: =VLOOKUP(A50,R_scores!A:T,3,FALSE) -> -0.2849 | U50: =VLOOKUP($A50,R_scores!$A:$T,4,FALSE) -> -0.1842 | V50: =VLOOKUP($A50,R_scores!$A:$T,5,FALSE) -> 0.2354 | W50: =VLOOKUP($A50,R_scores!$A:$T,6,FALSE) -> 0.4103 | X50: =VLOOKUP($A50,R_scores!$A:$T,7,FALSE) -> 0.129 | Y50: =VLOOKUP($A50,R_scores!$A:$T,8,FALSE) -> -0.1195 | Z50: =VLOOKUP($A50,R_scores!$A:$T,9,FALSE) -> 0.4489 | AA50: =VLOOKUP($A50,R_scores!$A:$T,10,FALSE) -> 0.2886 | AB50: =VLOOKUP($A50,R_scores!$A:$T,11,FALSE) -> 0.1743 | AC50: =VLOOKUP($A50,R_scores!$A:$T,12,FALSE) -> 0.117 | AD50: =VLOOKUP($A50,R_scores!$A:$T,13,FALSE) -> -0.3737 | AE50: =VLOOKUP($A50,R_scores!$A:$T,14,FALSE) -> -0.1793 | AF50: =VLOOKUP($A50,R_scores!$A:$T,15,FALSE) -> 0.2876 | AG50: =VLOOKUP($A50,R_scores!$A:$T,16,FALSE) -> 0.1379 | AH50: =VLOOKUP($A50,R_scores!$A:$T,17,FALSE) -> -0.0756 | AI50: =VLOOKUP($A50,R_scores!$A:$T,18,FALSE) -> 0.0012 | AJ50: =VLOOKUP($A50,R_scores!$A:$T,19,FALSE) -> 0.1797 | AK50: =VLOOKUP($A50,R_scores!$A:$T,20,FALSE) -> 0.1196 | AL50: =VLOOKUP($A50,DW_avgs_500ns!$A:$HH,COLUMN(C50),FALSE) -> 0 | AM50: =VLOOKUP($A50,DW_avgs_500ns!$A:$HH,COLUMN(D50),FALSE) -> 0 | AN50: =VLOOKUP($A50,DW_avgs_500ns!$A:$HH,COLUMN(E50),FALSE) -> 0 | AO50: =VLOOKUP($A50,DW_avgs_500ns!$A:$HH,COLUMN(F50),FALSE) -> 0 | AP50: =VLOOKUP($A50,DW_avgs_500ns!$A:$HH,COLUMN(G50),FALSE) -> 0 | AQ50: =VLOOKUP($A50,DW_avgs_500ns!$A:$HH,COLUMN(H50),FALSE) -> 0 | AR50: =VLOOKUP($A50,DW_avgs_500ns!$A:$HH,COLUMN(I50),FALSE) -> 0 | AS50: =VLOOKUP($A50,DW_avgs_500ns!$A:$HH,COLUMN(J50),FALSE) -> 0 | ... IQ50: =VLOOKUP($A50,DW_avgs_500ns!$A:$HH,COLUMN(HH50),FALSE) -> 0 | IR50: =VLOOKUP(A50,pkt_vol!A:H,COLUMN(C50),FALSE) -> 940.0566446563952 | IS50: =VLOOKUP($A50,pkt_vol!A:H,COLUMN(D50),FALSE) -> 108.63557723977203 | IT50: =VLOOKUP($A50,pkt_vol!A:H,COLUMN(G50),FALSE) -> 0.087959566 | IU50: =VLOOKUP($A50,lig_contacts!$A:$U,COLUMN(B50),FALSE) -> 14.504605853101818 | IV50: =VLOOKUP($A50,lig_contacts!$A:$U,COLUMN(C50),FALSE) -> 1.4659664441919675 | IW50: =VLOOKUP($A50,lig_contacts!$A:$U,COLUMN(D50),FALSE) -> 1 | IX50: =VLOOKUP($A50,lig_contacts!$A:$U,COLUMN(E50),FALSE) -> 2.491644248797587 | IY50: =VLOOKUP($A50,lig_contacts!$A:$U,COLUMN(F50),FALSE) -> 1.0153261646548533 | IZ50: =VLOOKUP($A50,lig_contacts!$A:$U,COLUMN(G50),FALSE) -> 0.9620934213744192 | JA50: =VLOOKUP($A50,lig_contacts!$A:$U,COLUMN(H50),FALSE) -> 2.135403929241053 | JB50: =VLOOKUP($A50,lig_contacts!$A:$U,COLUMN(I50),FALSE) -> 0.6959861205495439 | ... JN50: =VLOOKUP($A50,lig_contacts!$A:$U,COLUMN(U50),FALSE) -> 0.050207084 | JO50: 1.02 | JP50: 0.65 | JQ50: 0.9339999999999999 | JR50: 0.767
A51: pair_0276_nb | B51: 0276 | C51: nonbinder | D51: =IF(C51="Binder", 1,0) -> 0 | F51: MASELTPEERSELKNSIAEFHTYQLDPGSCSSLHAQRIHAPPELVWSIVRRFDKPQTYRHFIKSCSVEQNFEMRVGCTRDLIAISGLPANTGTVRLDILDDERRVTGQSVIGGEHRLTNFKWVTTVHRFEKENRIWTVVLQSYVVDMPEGNSEDDTRMFVDTFFKLALQKLATVAEAMARN | G51: 0.397 | H51: 0.0773 | I51: 0.9662 | J51: 0.4952 | K51: 0.612 | L51: 0.1168 | M51: 0.544 | N51: 0.1819 | O51: 10.7275 | P51: 1.7583 | Q51: 22.92 | R51: 27.94 | S51: 49.15 | T51: =VLOOKUP(A51,R_scores!A:T,3,FALSE) -> -0.0648 | U51: =VLOOKUP($A51,R_scores!$A:$T,4,FALSE) -> 0.1673 | V51: =VLOOKUP($A51,R_scores!$A:$T,5,FALSE) -> 0.3471 | W51: =VLOOKUP($A51,R_scores!$A:$T,6,FALSE) -> 0.3306 | X51: =VLOOKUP($A51,R_scores!$A:$T,7,FALSE) -> 0.1261 | Y51: =VLOOKUP($A51,R_scores!$A:$T,8,FALSE) -> 0.0469 | Z51: =VLOOKUP($A51,R_scores!$A:$T,9,FALSE) -> 0.2822 | AA51: =VLOOKUP($A51,R_scores!$A:$T,10,FALSE) -> 0.1312 | AB51: =VLOOKUP($A51,R_scores!$A:$T,11,FALSE) -> 0.1765 | AC51: =VLOOKUP($A51,R_scores!$A:$T,12,FALSE) -> -0.0293 | AD51: =VLOOKUP($A51,R_scores!$A:$T,13,FALSE) -> -0.0673 | AE51: =VLOOKUP($A51,R_scores!$A:$T,14,FALSE) -> 0.091 | AF51: =VLOOKUP($A51,R_scores!$A:$T,15,FALSE) -> 0.1308 | AG51: =VLOOKUP($A51,R_scores!$A:$T,16,FALSE) -> 0.4679 | AH51: =VLOOKUP($A51,R_scores!$A:$T,17,FALSE) -> -0.0139 | AI51: =VLOOKUP($A51,R_scores!$A:$T,18,FALSE) -> 0 | AJ51: =VLOOKUP($A51,R_scores!$A:$T,19,FALSE) -> 0.3367 | AK51: =VLOOKUP($A51,R_scores!$A:$T,20,FALSE) -> 0.8373 | AL51: =VLOOKUP($A51,DW_avgs_500ns!$A:$HH,COLUMN(C51),FALSE) -> 0 | AM51: =VLOOKUP($A51,DW_avgs_500ns!$A:$HH,COLUMN(D51),FALSE) -> 0 | AN51: =VLOOKUP($A51,DW_avgs_500ns!$A:$HH,COLUMN(E51),FALSE) -> 0 | AO51: =VLOOKUP($A51,DW_avgs_500ns!$A:$HH,COLUMN(F51),FALSE) -> 0 | AP51: =VLOOKUP($A51,DW_avgs_500ns!$A:$HH,COLUMN(G51),FALSE) -> 0 | AQ51: =VLOOKUP($A51,DW_avgs_500ns!$A:$HH,COLUMN(H51),FALSE) -> 0 | AR51: =VLOOKUP($A51,DW_avgs_500ns!$A:$HH,COLUMN(I51),FALSE) -> 0 | AS51: =VLOOKUP($A51,DW_avgs_500ns!$A:$HH,COLUMN(J51),FALSE) -> 0 | ... IQ51: =VLOOKUP($A51,DW_avgs_500ns!$A:$HH,COLUMN(HH51),FALSE) -> 0 | IR51: =VLOOKUP(A51,pkt_vol!A:H,COLUMN(C51),FALSE) -> 881.1224586288415 | IS51: =VLOOKUP($A51,pkt_vol!A:H,COLUMN(D51),FALSE) -> 80.81285656701267 | IT51: =VLOOKUP($A51,pkt_vol!A:H,COLUMN(G51),FALSE) -> 0.1338550582864596 | IU51: =VLOOKUP($A51,lig_contacts!$A:$U,COLUMN(B51),FALSE) -> 15.146816662590693 | IV51: =VLOOKUP($A51,lig_contacts!$A:$U,COLUMN(C51),FALSE) -> 1.8984271632574437 | IW51: =VLOOKUP($A51,lig_contacts!$A:$U,COLUMN(D51),FALSE) -> 1 | IX51: =VLOOKUP($A51,lig_contacts!$A:$U,COLUMN(E51),FALSE) -> 2.131572511616532 | IY51: =VLOOKUP($A51,lig_contacts!$A:$U,COLUMN(F51),FALSE) -> 0.8087542724717386 | IZ51: =VLOOKUP($A51,lig_contacts!$A:$U,COLUMN(G51),FALSE) -> 0.99983696 | JA51: =VLOOKUP($A51,lig_contacts!$A:$U,COLUMN(H51),FALSE) -> 1.367816091954023 | JB51: =VLOOKUP($A51,lig_contacts!$A:$U,COLUMN(I51),FALSE) -> 0.5625766828597257 | ... JN51: =VLOOKUP($A51,lig_contacts!$A:$U,COLUMN(U51),FALSE) -> 0.041562202 | JO51: 1.1440000000000001 | JP51: 0.635 | JQ51: 0.6769999999999999 | JR51: 1.147
A52: pair_0288_nb | B52: 0288 | C52: nonbinder | D52: =IF(C52="Binder", 1,0) -> 0 | F52: MASELTPEERSELKNSIAEFHTYQLDPGSCSSLHAQRIHAPPELVWSIVRRFDKPQTYRHFIKSCSVEQNFEMRVGCTRDLIVISGLPANTGTVRLDILDDERRVTGASVIGGEHRLTNFKWVTTVHRFEKENRIWTVVLQSYVVDMPEGNSEDDTRMYVDTFVKLNLQKLATVAEAMARN | G52: 0.4737 | H52: 0.1257 | I52: 0.4086 | J52: 0.1001 | K52: 0.6527 | L52: 0.1565 | M52: 0.9532 | N52: 0.2577 | O52: 9.2132 | P52: 1.0933 | Q52: 70.68 | R52: 4.73 | S52: 24.58 | T52: =VLOOKUP(A52,R_scores!A:T,3,FALSE) -> -0.04 | U52: =VLOOKUP($A52,R_scores!$A:$T,4,FALSE) -> 0.549 | V52: =VLOOKUP($A52,R_scores!$A:$T,5,FALSE) -> 0.0702 | W52: =VLOOKUP($A52,R_scores!$A:$T,6,FALSE) -> 0.7831 | X52: =VLOOKUP($A52,R_scores!$A:$T,7,FALSE) -> 0.3108 | Y52: =VLOOKUP($A52,R_scores!$A:$T,8,FALSE) -> 0.3161 | Z52: =VLOOKUP($A52,R_scores!$A:$T,9,FALSE) -> 0.8074 | AA52: =VLOOKUP($A52,R_scores!$A:$T,10,FALSE) -> 0.1915 | AB52: =VLOOKUP($A52,R_scores!$A:$T,11,FALSE) -> 0.5164 | AC52: =VLOOKUP($A52,R_scores!$A:$T,12,FALSE) -> 0.5041 | AD52: =VLOOKUP($A52,R_scores!$A:$T,13,FALSE) -> -0.0015 | AE52: =VLOOKUP($A52,R_scores!$A:$T,14,FALSE) -> 0.1077 | AF52: =VLOOKUP($A52,R_scores!$A:$T,15,FALSE) -> 0.8256 | AG52: =VLOOKUP($A52,R_scores!$A:$T,16,FALSE) -> 0.4949 | AH52: =VLOOKUP($A52,R_scores!$A:$T,17,FALSE) -> -0.0045 | AI52: =VLOOKUP($A52,R_scores!$A:$T,18,FALSE) -> 0.0283 | AJ52: =VLOOKUP($A52,R_scores!$A:$T,19,FALSE) -> 0.1699 | AK52: =VLOOKUP($A52,R_scores!$A:$T,20,FALSE) -> 0.1586 | AL52: =VLOOKUP($A52,DW_avgs_500ns!$A:$HH,COLUMN(C52),FALSE) -> 0 | AM52: =VLOOKUP($A52,DW_avgs_500ns!$A:$HH,COLUMN(D52),FALSE) -> 0 | AN52: =VLOOKUP($A52,DW_avgs_500ns!$A:$HH,COLUMN(E52),FALSE) -> 0 | AO52: =VLOOKUP($A52,DW_avgs_500ns!$A:$HH,COLUMN(F52),FALSE) -> 0 | AP52: =VLOOKUP($A52,DW_avgs_500ns!$A:$HH,COLUMN(G52),FALSE) -> 0 | AQ52: =VLOOKUP($A52,DW_avgs_500ns!$A:$HH,COLUMN(H52),FALSE) -> 0 | AR52: =VLOOKUP($A52,DW_avgs_500ns!$A:$HH,COLUMN(I52),FALSE) -> 0 | AS52: =VLOOKUP($A52,DW_avgs_500ns!$A:$HH,COLUMN(J52),FALSE) -> 0 | ... IQ52: =VLOOKUP($A52,DW_avgs_500ns!$A:$HH,COLUMN(HH52),FALSE) -> 0 | IR52: =VLOOKUP(A52,pkt_vol!A:H,COLUMN(C52),FALSE) -> 861.6619572837695 | IS52: =VLOOKUP($A52,pkt_vol!A:H,COLUMN(D52),FALSE) -> 68.99693790485667 | IT52: =VLOOKUP($A52,pkt_vol!A:H,COLUMN(G52),FALSE) -> 0.16923453167033506 | IU52: =VLOOKUP($A52,lig_contacts!$A:$U,COLUMN(B52),FALSE) -> 13.885628107931849 | IV52: =VLOOKUP($A52,lig_contacts!$A:$U,COLUMN(C52),FALSE) -> 1.3577651592668565 | IW52: =VLOOKUP($A52,lig_contacts!$A:$U,COLUMN(D52),FALSE) -> 1 | IX52: =VLOOKUP($A52,lig_contacts!$A:$U,COLUMN(E52),FALSE) -> 3.1838265264530854 | IY52: =VLOOKUP($A52,lig_contacts!$A:$U,COLUMN(F52),FALSE) -> 1.5971175017028012 | IZ52: =VLOOKUP($A52,lig_contacts!$A:$U,COLUMN(G52),FALSE) -> 0.95011005 | JA52: =VLOOKUP($A52,lig_contacts!$A:$U,COLUMN(H52),FALSE) -> 2.006195483818374 | JB52: =VLOOKUP($A52,lig_contacts!$A:$U,COLUMN(I52),FALSE) -> 0.1624005595195837 | ... JN52: =VLOOKUP($A52,lig_contacts!$A:$U,COLUMN(U52),FALSE) -> 0.071137763 | JO52: 1.3860000000000001 | JP52: 1.741 | JQ52: 0.7929999999999999 | JR52: 1.973
A53: pair_0351_nb | B53: 0351 | C53: nonbinder | D53: =IF(C53="Binder", 1,0) -> 0 | F53: MASELTPEERSELKNSIAEFHTYQLDPGSCSSLHAQRIHAPPELVWSIVRRFDKPQTYRHFIKSCSVEQNFEMRVGCTRDLIAISGLPANTGTVRLDILDDERRVTGSSVIGGEHRLTNFKWVTTVHRFEKENRIWTVVLQSYVVDMPEGNSEDDTRMFVDTLFKLTLQKLATVAEAMARN | G53: 0.6279 | H53: 0.1289 | I53: 0.4166 | J53: 0.1498 | K53: 0.8292 | L53: 0.1378 | M53: 0.6279 | N53: 0.1636 | O53: 11.4062 | P53: 1.6784 | Q53: 13.74 | R53: 47.12 | S53: 39.14 | T53: =VLOOKUP(A53,R_scores!A:T,3,FALSE) -> -0.0033 | U53: =VLOOKUP($A53,R_scores!$A:$T,4,FALSE) -> 0.5579 | V53: =VLOOKUP($A53,R_scores!$A:$T,5,FALSE) -> 0.4854 | W53: =VLOOKUP($A53,R_scores!$A:$T,6,FALSE) -> 0.2593 | X53: =VLOOKUP($A53,R_scores!$A:$T,7,FALSE) -> 0.1897 | Y53: =VLOOKUP($A53,R_scores!$A:$T,8,FALSE) -> -0.0143 | Z53: =VLOOKUP($A53,R_scores!$A:$T,9,FALSE) -> 0.4519 | AA53: =VLOOKUP($A53,R_scores!$A:$T,10,FALSE) -> 0.2874 | AB53: =VLOOKUP($A53,R_scores!$A:$T,11,FALSE) -> 0.4704 | AC53: =VLOOKUP($A53,R_scores!$A:$T,12,FALSE) -> 0.2927 | AD53: =VLOOKUP($A53,R_scores!$A:$T,13,FALSE) -> -0.0917 | AE53: =VLOOKUP($A53,R_scores!$A:$T,14,FALSE) -> 0.0079 | AF53: =VLOOKUP($A53,R_scores!$A:$T,15,FALSE) -> 0.6256 | AG53: =VLOOKUP($A53,R_scores!$A:$T,16,FALSE) -> 0.5994 | AH53: =VLOOKUP($A53,R_scores!$A:$T,17,FALSE) -> 0.008 | AI53: =VLOOKUP($A53,R_scores!$A:$T,18,FALSE) -> 0.0094 | AJ53: =VLOOKUP($A53,R_scores!$A:$T,19,FALSE) -> 0.5897 | AK53: =VLOOKUP($A53,R_scores!$A:$T,20,FALSE) -> 0.3473 | AL53: =VLOOKUP($A53,DW_avgs_500ns!$A:$HH,COLUMN(C53),FALSE) -> 0 | AM53: =VLOOKUP($A53,DW_avgs_500ns!$A:$HH,COLUMN(D53),FALSE) -> 0 | AN53: =VLOOKUP($A53,DW_avgs_500ns!$A:$HH,COLUMN(E53),FALSE) -> 0 | AO53: =VLOOKUP($A53,DW_avgs_500ns!$A:$HH,COLUMN(F53),FALSE) -> 0 | AP53: =VLOOKUP($A53,DW_avgs_500ns!$A:$HH,COLUMN(G53),FALSE) -> 0 | AQ53: =VLOOKUP($A53,DW_avgs_500ns!$A:$HH,COLUMN(H53),FALSE) -> 0 | AR53: =VLOOKUP($A53,DW_avgs_500ns!$A:$HH,COLUMN(I53),FALSE) -> 0 | AS53: =VLOOKUP($A53,DW_avgs_500ns!$A:$HH,COLUMN(J53),FALSE) -> 0 | ... IQ53: =VLOOKUP($A53,DW_avgs_500ns!$A:$HH,COLUMN(HH53),FALSE) -> 0 | IR53: =VLOOKUP(A53,pkt_vol!A:H,COLUMN(C53),FALSE) -> 925.9820697807125 | IS53: =VLOOKUP($A53,pkt_vol!A:H,COLUMN(D53),FALSE) -> 103.47213334002832 | IT53: =VLOOKUP($A53,pkt_vol!A:H,COLUMN(G53),FALSE) -> 0.10507866634058857 | IU53: =VLOOKUP($A53,lig_contacts!$A:$U,COLUMN(B53),FALSE) -> 13.12717045732453 | IV53: =VLOOKUP($A53,lig_contacts!$A:$U,COLUMN(C53),FALSE) -> 1.3296480644997286 | IW53: =VLOOKUP($A53,lig_contacts!$A:$U,COLUMN(D53),FALSE) -> 1 | IX53: =VLOOKUP($A53,lig_contacts!$A:$U,COLUMN(E53),FALSE) -> 2.401402135811527 | IY53: =VLOOKUP($A53,lig_contacts!$A:$U,COLUMN(F53),FALSE) -> 0.6375070595206136 | IZ53: =VLOOKUP($A53,lig_contacts!$A:$U,COLUMN(G53),FALSE) -> 1 | JA53: =VLOOKUP($A53,lig_contacts!$A:$U,COLUMN(H53),FALSE) -> 2.9890763837939187 | JB53: =VLOOKUP($A53,lig_contacts!$A:$U,COLUMN(I53),FALSE) -> 0.1055005635566346 | ... JN53: =VLOOKUP($A53,lig_contacts!$A:$U,COLUMN(U53),FALSE) -> 0.033744419 | JO53: 1.77 | JP53: 1.746 | JQ53: 0.9560000000000001 | JR53: 1.56
A54: pair_0502_nb | B54: 0502 | C54: nonbinder | D54: =IF(C54="Binder", 1,0) -> 0 | F54: MASELTPEERSELKNSIAEFHTYQLDPGSCSSLHAQRIHAPPELVWSIVRRFDKPQTYVHFIKSCSVEQNFEMRVGCTRDLIFISGLPANTATVRLDILDDERRVTGFSIIGGEHRVTNYKQVTTVHRFEKENRIWTVVLKSYVVDMPEGNSEDDTRMVVDTGIKLVLQKLATVAEAMARN | G54: 0.2877 | H54: 0.0607 | I54: 0.3064 | J54: 0.0557 | K54: 0.705 | L54: 0.1224 | M54: 0.5056 | N54: 0.1577 | O54: 8.4041 | P54: 0.8856 | Q54: 92.88 | R54: 0.18 | S54: 6.94 | T54: =VLOOKUP(A54,R_scores!A:T,3,FALSE) -> -0.0952 | U54: =VLOOKUP($A54,R_scores!$A:$T,4,FALSE) -> 0.0518 | V54: =VLOOKUP($A54,R_scores!$A:$T,5,FALSE) -> 0.0537 | W54: =VLOOKUP($A54,R_scores!$A:$T,6,FALSE) -> 0.5409 | X54: =VLOOKUP($A54,R_scores!$A:$T,7,FALSE) -> 0.0692 | Y54: =VLOOKUP($A54,R_scores!$A:$T,8,FALSE) -> -0.1152 | Z54: =VLOOKUP($A54,R_scores!$A:$T,9,FALSE) -> 0.3468 | AA54: =VLOOKUP($A54,R_scores!$A:$T,10,FALSE) -> 0 | AB54: =VLOOKUP($A54,R_scores!$A:$T,11,FALSE) -> 0.0036 | AC54: =VLOOKUP($A54,R_scores!$A:$T,12,FALSE) -> -0.0499 | AD54: =VLOOKUP($A54,R_scores!$A:$T,13,FALSE) -> -0.1697 | AE54: =VLOOKUP($A54,R_scores!$A:$T,14,FALSE) -> 0.0018 | AF54: =VLOOKUP($A54,R_scores!$A:$T,15,FALSE) -> 0.7594 | AG54: =VLOOKUP($A54,R_scores!$A:$T,16,FALSE) -> 0.6116 | AH54: =VLOOKUP($A54,R_scores!$A:$T,17,FALSE) -> 0.0998 | AI54: =VLOOKUP($A54,R_scores!$A:$T,18,FALSE) -> 0.2206 | AJ54: =VLOOKUP($A54,R_scores!$A:$T,19,FALSE) -> 0.083 | AK54: =VLOOKUP($A54,R_scores!$A:$T,20,FALSE) -> 0.2515 | AL54: =VLOOKUP($A54,DW_avgs_500ns!$A:$HH,COLUMN(C54),FALSE) -> 0 | AM54: =VLOOKUP($A54,DW_avgs_500ns!$A:$HH,COLUMN(D54),FALSE) -> 0 | AN54: =VLOOKUP($A54,DW_avgs_500ns!$A:$HH,COLUMN(E54),FALSE) -> 0 | AO54: =VLOOKUP($A54,DW_avgs_500ns!$A:$HH,COLUMN(F54),FALSE) -> 0 | AP54: =VLOOKUP($A54,DW_avgs_500ns!$A:$HH,COLUMN(G54),FALSE) -> 0 | AQ54: =VLOOKUP($A54,DW_avgs_500ns!$A:$HH,COLUMN(H54),FALSE) -> 0 | AR54: =VLOOKUP($A54,DW_avgs_500ns!$A:$HH,COLUMN(I54),FALSE) -> 0 | AS54: =VLOOKUP($A54,DW_avgs_500ns!$A:$HH,COLUMN(J54),FALSE) -> 0 | ... IQ54: =VLOOKUP($A54,DW_avgs_500ns!$A:$HH,COLUMN(HH54),FALSE) -> 0 | IR54: =VLOOKUP(A54,pkt_vol!A:H,COLUMN(C54),FALSE) -> 967.51446 | IS54: =VLOOKUP($A54,pkt_vol!A:H,COLUMN(D54),FALSE) -> 103.10411058841575 | IT54: =VLOOKUP($A54,pkt_vol!A:H,COLUMN(G54),FALSE) -> 0.053232249123665115 | IU54: =VLOOKUP($A54,lig_contacts!$A:$U,COLUMN(B54),FALSE) -> 13.30317110948072 | IV54: =VLOOKUP($A54,lig_contacts!$A:$U,COLUMN(C54),FALSE) -> 1.0722458 | IW54: =VLOOKUP($A54,lig_contacts!$A:$U,COLUMN(D54),FALSE) -> 1 | IX54: =VLOOKUP($A54,lig_contacts!$A:$U,COLUMN(E54),FALSE) -> 2.682318415260455 | IY54: =VLOOKUP($A54,lig_contacts!$A:$U,COLUMN(F54),FALSE) -> 0.6989607200881425 | IZ54: =VLOOKUP($A54,lig_contacts!$A:$U,COLUMN(G54),FALSE) -> 1 | JA54: =VLOOKUP($A54,lig_contacts!$A:$U,COLUMN(H54),FALSE) -> 1.6142496127822614 | JB54: =VLOOKUP($A54,lig_contacts!$A:$U,COLUMN(I54),FALSE) -> 0.6926125671908305 | ... JN54: =VLOOKUP($A54,lig_contacts!$A:$U,COLUMN(U54),FALSE) -> 0.04388891 | JO54: 1.2839999999999998 | JP54: 0.65 | JQ54: 0.636 | JR54: 1.59
A55: pair_0506_nb | B55: 0506 | C55: nonbinder | D55: =IF(C55="Binder", 1,0) -> 0 | F55: MASELTPEERSELKNSIAEFHTYQLDPGSCSSLHAQRIHAPPELVWSIVRRFDKPQTYVHFIKSCSVEQNFEMRVGCTRDLIVISGLPANTATERLDILDDERRVTGASVIGGEHRLTNEKWVTTVHRFEKENRIWTVVLRSYVVDMPEGNSEDDTRMFMDTLFKLGLQKLATVAEAMARN | G55: 0.928 | H55: 0.5006 | I55: 0.2498 | J55: 0.0437 | K55: 0.6115 | L55: 0.1273 | M55: 0.65 | N55: 0.1656 | O55: 12.4912 | P55: 1.1661 | Q55: 1.12 | R55: 83.73 | S55: 15.16 | T55: =VLOOKUP(A55,R_scores!A:T,3,FALSE) -> -0.2177 | U55: =VLOOKUP($A55,R_scores!$A:$T,4,FALSE) -> 0.0024 | V55: =VLOOKUP($A55,R_scores!$A:$T,5,FALSE) -> 0.0084 | W55: =VLOOKUP($A55,R_scores!$A:$T,6,FALSE) -> 0.0335 | X55: =VLOOKUP($A55,R_scores!$A:$T,7,FALSE) -> -0.0083 | Y55: =VLOOKUP($A55,R_scores!$A:$T,8,FALSE) -> -0.1631 | Z55: =VLOOKUP($A55,R_scores!$A:$T,9,FALSE) -> 0.0098 | AA55: =VLOOKUP($A55,R_scores!$A:$T,10,FALSE) -> 0.0998 | AB55: =VLOOKUP($A55,R_scores!$A:$T,11,FALSE) -> 0.0849 | AC55: =VLOOKUP($A55,R_scores!$A:$T,12,FALSE) -> -0.0005 | AD55: =VLOOKUP($A55,R_scores!$A:$T,13,FALSE) -> -0.0098 | AE55: =VLOOKUP($A55,R_scores!$A:$T,14,FALSE) -> 0.183 | AF55: =VLOOKUP($A55,R_scores!$A:$T,15,FALSE) -> -0.0852 | AG55: =VLOOKUP($A55,R_scores!$A:$T,16,FALSE) -> 0.0302 | AH55: =VLOOKUP($A55,R_scores!$A:$T,17,FALSE) -> -0.0037 | AI55: =VLOOKUP($A55,R_scores!$A:$T,18,FALSE) -> 0.2141 | AJ55: =VLOOKUP($A55,R_scores!$A:$T,19,FALSE) -> 0.2839 | AK55: =VLOOKUP($A55,R_scores!$A:$T,20,FALSE) -> 0.1145 | AL55: =VLOOKUP($A55,DW_avgs_500ns!$A:$HH,COLUMN(C55),FALSE) -> 0 | AM55: =VLOOKUP($A55,DW_avgs_500ns!$A:$HH,COLUMN(D55),FALSE) -> 0 | AN55: =VLOOKUP($A55,DW_avgs_500ns!$A:$HH,COLUMN(E55),FALSE) -> 0 | AO55: =VLOOKUP($A55,DW_avgs_500ns!$A:$HH,COLUMN(F55),FALSE) -> 0 | AP55: =VLOOKUP($A55,DW_avgs_500ns!$A:$HH,COLUMN(G55),FALSE) -> 0 | AQ55: =VLOOKUP($A55,DW_avgs_500ns!$A:$HH,COLUMN(H55),FALSE) -> 0 | AR55: =VLOOKUP($A55,DW_avgs_500ns!$A:$HH,COLUMN(I55),FALSE) -> 0 | AS55: =VLOOKUP($A55,DW_avgs_500ns!$A:$HH,COLUMN(J55),FALSE) -> 0.0008 | ... IQ55: =VLOOKUP($A55,DW_avgs_500ns!$A:$HH,COLUMN(HH55),FALSE) -> 0 | IR55: =VLOOKUP(A55,pkt_vol!A:H,COLUMN(C55),FALSE) -> 874.1678217983207 | IS55: =VLOOKUP($A55,pkt_vol!A:H,COLUMN(D55),FALSE) -> 105.96709338828121 | IT55: =VLOOKUP($A55,pkt_vol!A:H,COLUMN(G55),FALSE) -> 0.19988587266650362 | IU55: =VLOOKUP($A55,lig_contacts!$A:$U,COLUMN(B55),FALSE) -> 13.449661693975708 | IV55: =VLOOKUP($A55,lig_contacts!$A:$U,COLUMN(C55),FALSE) -> 1.5444203 | IW55: =VLOOKUP($A55,lig_contacts!$A:$U,COLUMN(D55),FALSE) -> 1 | IX55: =VLOOKUP($A55,lig_contacts!$A:$U,COLUMN(E55),FALSE) -> 1.673106709056819 | IY55: =VLOOKUP($A55,lig_contacts!$A:$U,COLUMN(F55),FALSE) -> 0.7058177405782334 | IZ55: =VLOOKUP($A55,lig_contacts!$A:$U,COLUMN(G55),FALSE) -> 0.9828808999755442 | JA55: =VLOOKUP($A55,lig_contacts!$A:$U,COLUMN(H55),FALSE) -> 1.5879188065541696 | JB55: =VLOOKUP($A55,lig_contacts!$A:$U,COLUMN(I55),FALSE) -> 0.4955109125045882 | ... JN55: =VLOOKUP($A55,lig_contacts!$A:$U,COLUMN(U55),FALSE) -> 0.059737608 | JO55: 1.263 | JP55: 0.602 | JQ55: 0.741 | JR55: 1.016
A56: pair_0647_nb | B56: 0647 | C56: nonbinder | D56: =IF(C56="Binder", 1,0) -> 0 | F56: MASELTPEERSELKNSIAEFHTYQLDPGSCSSLHAQRIHAPPELVWSIVRRFDKPQTYVHFIKSCSVEQNFEMRVGCTRDDILISGLPANTLTLRLDILDDERRVTGHSIIGGEHRLTNYKSVTTVHRFEKENRIWTVVLKSYVVDMPEGNSEDDTRMILDTGYKLILQKLATVAEAMARN | G56: 0.3141 | H56: 0.0515 | I56: 1.0332 | J56: 0.4772 | K56: 0.6665 | L56: 0.1109 | M56: 0.3888 | N56: 0.0912 | O56: 10.8995 | P56: 1.4308 | Q56: 18.97 | R56: 41.92 | S56: 39.11 | T56: =VLOOKUP(A56,R_scores!A:T,3,FALSE) -> -0.1806 | U56: =VLOOKUP($A56,R_scores!$A:$T,4,FALSE) -> 0.0014 | V56: =VLOOKUP($A56,R_scores!$A:$T,5,FALSE) -> 0.0098 | W56: =VLOOKUP($A56,R_scores!$A:$T,6,FALSE) -> 0.2643 | X56: =VLOOKUP($A56,R_scores!$A:$T,7,FALSE) -> 0.0161 | Y56: =VLOOKUP($A56,R_scores!$A:$T,8,FALSE) -> -0.132 | Z56: =VLOOKUP($A56,R_scores!$A:$T,9,FALSE) -> 0.0552 | AA56: =VLOOKUP($A56,R_scores!$A:$T,10,FALSE) -> 0.1058 | AB56: =VLOOKUP($A56,R_scores!$A:$T,11,FALSE) -> -0.0207 | AC56: =VLOOKUP($A56,R_scores!$A:$T,12,FALSE) -> -0.0496 | AD56: =VLOOKUP($A56,R_scores!$A:$T,13,FALSE) -> 0.0674 | AE56: =VLOOKUP($A56,R_scores!$A:$T,14,FALSE) -> 0.0289 | AF56: =VLOOKUP($A56,R_scores!$A:$T,15,FALSE) -> 0.1614 | AG56: =VLOOKUP($A56,R_scores!$A:$T,16,FALSE) -> -0.0496 | AH56: =VLOOKUP($A56,R_scores!$A:$T,17,FALSE) -> -0.0516 | AI56: =VLOOKUP($A56,R_scores!$A:$T,18,FALSE) -> 0.177 | AJ56: =VLOOKUP($A56,R_scores!$A:$T,19,FALSE) -> -0.1628 | AK56: =VLOOKUP($A56,R_scores!$A:$T,20,FALSE) -> -0.1045 | AL56: =VLOOKUP($A56,DW_avgs_500ns!$A:$HH,COLUMN(C56),FALSE) -> 0 | AM56: =VLOOKUP($A56,DW_avgs_500ns!$A:$HH,COLUMN(D56),FALSE) -> 0 | AN56: =VLOOKUP($A56,DW_avgs_500ns!$A:$HH,COLUMN(E56),FALSE) -> 0 | AO56: =VLOOKUP($A56,DW_avgs_500ns!$A:$HH,COLUMN(F56),FALSE) -> 0 | AP56: =VLOOKUP($A56,DW_avgs_500ns!$A:$HH,COLUMN(G56),FALSE) -> 0 | AQ56: =VLOOKUP($A56,DW_avgs_500ns!$A:$HH,COLUMN(H56),FALSE) -> 0 | AR56: =VLOOKUP($A56,DW_avgs_500ns!$A:$HH,COLUMN(I56),FALSE) -> 0 | AS56: =VLOOKUP($A56,DW_avgs_500ns!$A:$HH,COLUMN(J56),FALSE) -> 0.0122 | ... IQ56: =VLOOKUP($A56,DW_avgs_500ns!$A:$HH,COLUMN(HH56),FALSE) -> 0 | IR56: =VLOOKUP(A56,pkt_vol!A:H,COLUMN(C56),FALSE) -> 961.6476701720061 | IS56: =VLOOKUP($A56,pkt_vol!A:H,COLUMN(D56),FALSE) -> 126.98668115337605 | IT56: =VLOOKUP($A56,pkt_vol!A:H,COLUMN(G56),FALSE) -> 0.10214396347925328 | IU56: =VLOOKUP($A56,lig_contacts!$A:$U,COLUMN(B56),FALSE) -> 11.250101899404909 | IV56: =VLOOKUP($A56,lig_contacts!$A:$U,COLUMN(C56),FALSE) -> 1.8025707250842984 | IW56: =VLOOKUP($A56,lig_contacts!$A:$U,COLUMN(D56),FALSE) -> 1 | IX56: =VLOOKUP($A56,lig_contacts!$A:$U,COLUMN(E56),FALSE) -> 2.5367245455286542 | IY56: =VLOOKUP($A56,lig_contacts!$A:$U,COLUMN(F56),FALSE) -> 0.96983969 | IZ56: =VLOOKUP($A56,lig_contacts!$A:$U,COLUMN(G56),FALSE) -> 0.9986141680932584 | JA56: =VLOOKUP($A56,lig_contacts!$A:$U,COLUMN(H56),FALSE) -> 3.489687780223364 | JB56: =VLOOKUP($A56,lig_contacts!$A:$U,COLUMN(I56),FALSE) -> 0.8161693128814227 | ... JN56: =VLOOKUP($A56,lig_contacts!$A:$U,COLUMN(U56),FALSE) -> 0.062266123 | JO56: 2.542 | JP56: 1.313 | JQ56: 0.964 | JR56: 1.649
A57: pair_0777_nb | B57: 0777 | C57: nonbinder | D57: =IF(C57="Binder", 1,0) -> 0 | F57: MASELTPEERSELKNSIAEFHTYQLDPGSCSSLHAQRIHAPPELVWSIVRRFDKPQTYVHFIKSCSVEQNFEMRVGCTRDLIVISGLPANTGTVRLDILDDERRVTGASVIGGEHRLTNFKWVTTVHRFEKENRIWTVVLQSYVVDMPEGNSEDDTRMYVDTFVKLNLQKLATVAEAMARN | G57: 0.4696 | H57: 0.1269 | I57: 0.3388 | J57: 0.0905 | K57: 0.525 | L57: 0.0974 | M57: 0.5236 | N57: 0.2224 | O57: 8.5349 | P57: 0.6422 | Q57: 93.25 | R57: 0.15 | S57: 6.6 | T57: =VLOOKUP(A57,R_scores!A:T,3,FALSE) -> 0.1592 | U57: =VLOOKUP($A57,R_scores!$A:$T,4,FALSE) -> 0.1637 | V57: =VLOOKUP($A57,R_scores!$A:$T,5,FALSE) -> 0.0159 | W57: =VLOOKUP($A57,R_scores!$A:$T,6,FALSE) -> 0.6183 | X57: =VLOOKUP($A57,R_scores!$A:$T,7,FALSE) -> 0.7301 | Y57: =VLOOKUP($A57,R_scores!$A:$T,8,FALSE) -> 0.7063 | Z57: =VLOOKUP($A57,R_scores!$A:$T,9,FALSE) -> 0.8589 | AA57: =VLOOKUP($A57,R_scores!$A:$T,10,FALSE) -> 0.2843 | AB57: =VLOOKUP($A57,R_scores!$A:$T,11,FALSE) -> 0.6455 | AC57: =VLOOKUP($A57,R_scores!$A:$T,12,FALSE) -> 0.4996 | AD57: =VLOOKUP($A57,R_scores!$A:$T,13,FALSE) -> 0 | AE57: =VLOOKUP($A57,R_scores!$A:$T,14,FALSE) -> 0.0062 | AF57: =VLOOKUP($A57,R_scores!$A:$T,15,FALSE) -> 0.8124 | AG57: =VLOOKUP($A57,R_scores!$A:$T,16,FALSE) -> 0.2611 | AH57: =VLOOKUP($A57,R_scores!$A:$T,17,FALSE) -> -0.0001 | AI57: =VLOOKUP($A57,R_scores!$A:$T,18,FALSE) -> 0.0233 | AJ57: =VLOOKUP($A57,R_scores!$A:$T,19,FALSE) -> 0.3542 | AK57: =VLOOKUP($A57,R_scores!$A:$T,20,FALSE) -> 0.1399 | AL57: =VLOOKUP($A57,DW_avgs_500ns!$A:$HH,COLUMN(C57),FALSE) -> 0 | AM57: =VLOOKUP($A57,DW_avgs_500ns!$A:$HH,COLUMN(D57),FALSE) -> 0 | AN57: =VLOOKUP($A57,DW_avgs_500ns!$A:$HH,COLUMN(E57),FALSE) -> 0 | AO57: =VLOOKUP($A57,DW_avgs_500ns!$A:$HH,COLUMN(F57),FALSE) -> 0 | AP57: =VLOOKUP($A57,DW_avgs_500ns!$A:$HH,COLUMN(G57),FALSE) -> 0 | AQ57: =VLOOKUP($A57,DW_avgs_500ns!$A:$HH,COLUMN(H57),FALSE) -> 0 | AR57: =VLOOKUP($A57,DW_avgs_500ns!$A:$HH,COLUMN(I57),FALSE) -> 0 | AS57: =VLOOKUP($A57,DW_avgs_500ns!$A:$HH,COLUMN(J57),FALSE) -> 0 | ... IQ57: =VLOOKUP($A57,DW_avgs_500ns!$A:$HH,COLUMN(HH57),FALSE) -> 0 | IR57: =VLOOKUP(A57,pkt_vol!A:H,COLUMN(C57),FALSE) -> 913.2167644900953 | IS57: =VLOOKUP($A57,pkt_vol!A:H,COLUMN(D57),FALSE) -> 85.491412 | IT57: =VLOOKUP($A57,pkt_vol!A:H,COLUMN(G57),FALSE) -> 0.07369365 | IU57: =VLOOKUP($A57,lig_contacts!$A:$U,COLUMN(B57),FALSE) -> 13.900872258906007 | IV57: =VLOOKUP($A57,lig_contacts!$A:$U,COLUMN(C57),FALSE) -> 1.0590097468816595 | IW57: =VLOOKUP($A57,lig_contacts!$A:$U,COLUMN(D57),FALSE) -> 1 | IX57: =VLOOKUP($A57,lig_contacts!$A:$U,COLUMN(E57),FALSE) -> 4.0839651 | IY57: =VLOOKUP($A57,lig_contacts!$A:$U,COLUMN(F57),FALSE) -> 0.75721125 | IZ57: =VLOOKUP($A57,lig_contacts!$A:$U,COLUMN(G57),FALSE) -> 1 | JA57: =VLOOKUP($A57,lig_contacts!$A:$U,COLUMN(H57),FALSE) -> 1.5904459117958751 | JB57: =VLOOKUP($A57,lig_contacts!$A:$U,COLUMN(I57),FALSE) -> 0.5090203101171117 | ... JN57: =VLOOKUP($A57,lig_contacts!$A:$U,COLUMN(U57),FALSE) -> 0.036690032 | JO57: 1.573 | JP57: 1.471 | JQ57: 1.0030000000000001 | JR57: 2.442
A58: pair_0827_nb | B58: 0827 | C58: nonbinder | D58: =IF(C58="Binder", 1,0) -> 0 | F58: MASELTPEERSELKNSIAEFHTYQLDPGSCSSLHAQRIHAPPELVWSIVRRFDKPQTYVHFIKSCSVEQNFEMRVGCTRDLIVISGLPANTGTVRLDILDDERRVTGASVIGGEHRLTNFKWVTTVHRFEKENRIWTVVLQSYVVDMPEGNSEDDTRMFVDTFVKLVLQKLATVAEAMARN | G58: 0.3056 | H58: 0.0541 | I58: 0.2386 | J58: 0.0339 | K58: 0.5049 | L58: 0.0829 | M58: 0.4515 | N58: 0.1554 | O58: 8.1471 | P58: 0.9123 | Q58: 92.2 | R58: 1.35 | S58: 6.45 | T58: =VLOOKUP(A58,R_scores!A:T,3,FALSE) -> 0.423 | U58: =VLOOKUP($A58,R_scores!$A:$T,4,FALSE) -> 0.3951 | V58: =VLOOKUP($A58,R_scores!$A:$T,5,FALSE) -> 0.0513 | W58: =VLOOKUP($A58,R_scores!$A:$T,6,FALSE) -> 0.0083 | X58: =VLOOKUP($A58,R_scores!$A:$T,7,FALSE) -> 0.0055 | Y58: =VLOOKUP($A58,R_scores!$A:$T,8,FALSE) -> 0.0117 | Z58: =VLOOKUP($A58,R_scores!$A:$T,9,FALSE) -> 0.4689 | AA58: =VLOOKUP($A58,R_scores!$A:$T,10,FALSE) -> -0.0003 | AB58: =VLOOKUP($A58,R_scores!$A:$T,11,FALSE) -> -0.0161 | AC58: =VLOOKUP($A58,R_scores!$A:$T,12,FALSE) -> 0.0279 | AD58: =VLOOKUP($A58,R_scores!$A:$T,13,FALSE) -> 0.0001 | AE58: =VLOOKUP($A58,R_scores!$A:$T,14,FALSE) -> 0.3595 | AF58: =VLOOKUP($A58,R_scores!$A:$T,15,FALSE) -> 0.4178 | AG58: =VLOOKUP($A58,R_scores!$A:$T,16,FALSE) -> 0.389 | AH58: =VLOOKUP($A58,R_scores!$A:$T,17,FALSE) -> 0 | AI58: =VLOOKUP($A58,R_scores!$A:$T,18,FALSE) -> 0.0669 | AJ58: =VLOOKUP($A58,R_scores!$A:$T,19,FALSE) -> 0.1294 | AK58: =VLOOKUP($A58,R_scores!$A:$T,20,FALSE) -> 0.1247 | AL58: =VLOOKUP($A58,DW_avgs_500ns!$A:$HH,COLUMN(C58),FALSE) -> 0 | AM58: =VLOOKUP($A58,DW_avgs_500ns!$A:$HH,COLUMN(D58),FALSE) -> 0 | AN58: =VLOOKUP($A58,DW_avgs_500ns!$A:$HH,COLUMN(E58),FALSE) -> 0 | AO58: =VLOOKUP($A58,DW_avgs_500ns!$A:$HH,COLUMN(F58),FALSE) -> 0 | AP58: =VLOOKUP($A58,DW_avgs_500ns!$A:$HH,COLUMN(G58),FALSE) -> 0 | AQ58: =VLOOKUP($A58,DW_avgs_500ns!$A:$HH,COLUMN(H58),FALSE) -> 0 | AR58: =VLOOKUP($A58,DW_avgs_500ns!$A:$HH,COLUMN(I58),FALSE) -> 0 | AS58: =VLOOKUP($A58,DW_avgs_500ns!$A:$HH,COLUMN(J58),FALSE) -> 0 | ... IQ58: =VLOOKUP($A58,DW_avgs_500ns!$A:$HH,COLUMN(HH58),FALSE) -> 0 | IR58: =VLOOKUP(A58,pkt_vol!A:H,COLUMN(C58),FALSE) -> 862.0552620852694 | IS58: =VLOOKUP($A58,pkt_vol!A:H,COLUMN(D58),FALSE) -> 95.478992 | IT58: =VLOOKUP($A58,pkt_vol!A:H,COLUMN(G58),FALSE) -> 0.1892883345561262 | IU58: =VLOOKUP($A58,lig_contacts!$A:$U,COLUMN(B58),FALSE) -> 16.17216923453167 | IV58: =VLOOKUP($A58,lig_contacts!$A:$U,COLUMN(C58),FALSE) -> 2.101181866991307 | IW58: =VLOOKUP($A58,lig_contacts!$A:$U,COLUMN(D58),FALSE) -> 1 | IX58: =VLOOKUP($A58,lig_contacts!$A:$U,COLUMN(E58),FALSE) -> 1.218879921741257 | IY58: =VLOOKUP($A58,lig_contacts!$A:$U,COLUMN(F58),FALSE) -> 0.5856429774902254 | IZ58: =VLOOKUP($A58,lig_contacts!$A:$U,COLUMN(G58),FALSE) -> 0.9328279122849924 | JA58: =VLOOKUP($A58,lig_contacts!$A:$U,COLUMN(H58),FALSE) -> 2.5526209 | JB58: =VLOOKUP($A58,lig_contacts!$A:$U,COLUMN(I58),FALSE) -> 0.5340591203333578 | ... JN58: =VLOOKUP($A58,lig_contacts!$A:$U,COLUMN(U58),FALSE) -> 0.036277406 | JO58: 2.765 | JP58: 1.4680000000000002 | JQ58: 1.11 | JR58: 1.076
A59: pair_0664_nb | B59: 0664 | C59: nonbinder | D59: =IF(C59="Binder", 1,0) -> 0 | F59: MASELTPEERSELKNSIAEFHTYQLDPGSCSSLHAQRIHAPPELVWSIVRRFDKPQTYVHFIKSCSVEQNFEMRVGCTRDDILISGLPANTMTVRLDILDDERRVTGVSIIGGEHRLTNYKSVTTVHRFEKENRIWTVVLKSYVVDMPEGNSEDDTRMIVDTGVKLLLQKLATVAEAMARN | G59: 0.3604 | H59: 0.0625 | I59: 0.4686 | J59: 0.0608 | K59: 0.4258 | L59: 0.0774 | M59: 0.5688 | N59: 0.174 | O59: 11.7786 | P59: 1.2297 | Q59: 1.61 | R59: 58.83 | S59: 39.56 | T59: =VLOOKUP(A59,R_scores!A:T,3,FALSE) -> -0.3289 | U59: =VLOOKUP($A59,R_scores!$A:$T,4,FALSE) -> 0.0654 | V59: =VLOOKUP($A59,R_scores!$A:$T,5,FALSE) -> -0.0022 | W59: =VLOOKUP($A59,R_scores!$A:$T,6,FALSE) -> 0.1411 | X59: =VLOOKUP($A59,R_scores!$A:$T,7,FALSE) -> 0.087 | Y59: =VLOOKUP($A59,R_scores!$A:$T,8,FALSE) -> -0.2795 | Z59: =VLOOKUP($A59,R_scores!$A:$T,9,FALSE) -> 0.0188 | AA59: =VLOOKUP($A59,R_scores!$A:$T,10,FALSE) -> 0.2979 | AB59: =VLOOKUP($A59,R_scores!$A:$T,11,FALSE) -> 0.1349 | AC59: =VLOOKUP($A59,R_scores!$A:$T,12,FALSE) -> 0.0382 | AD59: =VLOOKUP($A59,R_scores!$A:$T,13,FALSE) -> -0.173 | AE59: =VLOOKUP($A59,R_scores!$A:$T,14,FALSE) -> -0.0628 | AF59: =VLOOKUP($A59,R_scores!$A:$T,15,FALSE) -> 0.5255 | AG59: =VLOOKUP($A59,R_scores!$A:$T,16,FALSE) -> 0.3813 | AH59: =VLOOKUP($A59,R_scores!$A:$T,17,FALSE) -> -0.0293 | AI59: =VLOOKUP($A59,R_scores!$A:$T,18,FALSE) -> -0.0719 | AJ59: =VLOOKUP($A59,R_scores!$A:$T,19,FALSE) -> 0.1532 | AK59: =VLOOKUP($A59,R_scores!$A:$T,20,FALSE) -> -0.0307 | AL59: =VLOOKUP($A59,DW_avgs_500ns!$A:$HH,COLUMN(C59),FALSE) -> 0 | AM59: =VLOOKUP($A59,DW_avgs_500ns!$A:$HH,COLUMN(D59),FALSE) -> 0 | AN59: =VLOOKUP($A59,DW_avgs_500ns!$A:$HH,COLUMN(E59),FALSE) -> 0 | AO59: =VLOOKUP($A59,DW_avgs_500ns!$A:$HH,COLUMN(F59),FALSE) -> 0 | AP59: =VLOOKUP($A59,DW_avgs_500ns!$A:$HH,COLUMN(G59),FALSE) -> 0 | AQ59: =VLOOKUP($A59,DW_avgs_500ns!$A:$HH,COLUMN(H59),FALSE) -> 0 | AR59: =VLOOKUP($A59,DW_avgs_500ns!$A:$HH,COLUMN(I59),FALSE) -> 0 | AS59: =VLOOKUP($A59,DW_avgs_500ns!$A:$HH,COLUMN(J59),FALSE) -> 0 | ... IQ59: =VLOOKUP($A59,DW_avgs_500ns!$A:$HH,COLUMN(HH59),FALSE) -> 0 | IR59: =VLOOKUP(A59,pkt_vol!A:H,COLUMN(C59),FALSE) -> 890.85364 | IS59: =VLOOKUP($A59,pkt_vol!A:H,COLUMN(D59),FALSE) -> 130.70239737126994 | IT59: =VLOOKUP($A59,pkt_vol!A:H,COLUMN(G59),FALSE) -> 0.18268525311812178 | IU59: =VLOOKUP($A59,lig_contacts!$A:$U,COLUMN(B59),FALSE) -> 12.315888155213171 | IV59: =VLOOKUP($A59,lig_contacts!$A:$U,COLUMN(C59),FALSE) -> 1.3287685800748843 | IW59: =VLOOKUP($A59,lig_contacts!$A:$U,COLUMN(D59),FALSE) -> 1 | IX59: =VLOOKUP($A59,lig_contacts!$A:$U,COLUMN(E59),FALSE) -> 2.695687617184316 | IY59: =VLOOKUP($A59,lig_contacts!$A:$U,COLUMN(F59),FALSE) -> 0.6381145468136779 | IZ59: =VLOOKUP($A59,lig_contacts!$A:$U,COLUMN(G59),FALSE) -> 0.99991848 | JA59: =VLOOKUP($A59,lig_contacts!$A:$U,COLUMN(H59),FALSE) -> 2.4284666177549523 | JB59: =VLOOKUP($A59,lig_contacts!$A:$U,COLUMN(I59),FALSE) -> 1.1780435903084518 | ... JN59: =VLOOKUP($A59,lig_contacts!$A:$U,COLUMN(U59),FALSE) -> 0.050307716 | JO59: 1.231 | JP59: 1.5060000000000002 | JQ59: 0.748 | JR59: 1.315
A60: pair_1824_nb | B60: 1824 | C60: nonbinder | D60: =IF(C60="Binder", 1,0) -> 0 | F60: MASELTPEERSELKNSIAEFHTYQLDPGSCSSLHAQRIHAPPELVWSIVRRFDKPQTYAHFIKSCSVEQNFEMRVGCTRDLIAISGLPANTGTVRLDILDDERRVTGSSVIGGEHRLTNFKWVTTVHRFEKENRIWTVVLQSYVVDMPEGNSEDDTRMFVDTLFKLTLQKLATVAEAMARN | G60: 0.5974 | H60: 0.0707 | I60: 0.387 | J60: 0.0649 | K60: 0.7143 | L60: 0.143 | M60: 0.3988 | N60: 0.0854 | O60: 10.1382 | P60: 1.6042 | Q60: 38.99 | R60: 20.23 | S60: 40.78 | T60: =VLOOKUP(A60,R_scores!A:T,3,FALSE) -> -0.0527 | U60: =VLOOKUP($A60,R_scores!$A:$T,4,FALSE) -> 0.3378 | V60: =VLOOKUP($A60,R_scores!$A:$T,5,FALSE) -> 0.2833 | W60: =VLOOKUP($A60,R_scores!$A:$T,6,FALSE) -> 0.5353 | X60: =VLOOKUP($A60,R_scores!$A:$T,7,FALSE) -> 0.0118 | Y60: =VLOOKUP($A60,R_scores!$A:$T,8,FALSE) -> -0.0001 | Z60: =VLOOKUP($A60,R_scores!$A:$T,9,FALSE) -> 0.3311 | AA60: =VLOOKUP($A60,R_scores!$A:$T,10,FALSE) -> 0.649 | AB60: =VLOOKUP($A60,R_scores!$A:$T,11,FALSE) -> 0.1063 | AC60: =VLOOKUP($A60,R_scores!$A:$T,12,FALSE) -> 0.2006 | AD60: =VLOOKUP($A60,R_scores!$A:$T,13,FALSE) -> 0 | AE60: =VLOOKUP($A60,R_scores!$A:$T,14,FALSE) -> 0 | AF60: =VLOOKUP($A60,R_scores!$A:$T,15,FALSE) -> 0.267 | AG60: =VLOOKUP($A60,R_scores!$A:$T,16,FALSE) -> 0.2286 | AH60: =VLOOKUP($A60,R_scores!$A:$T,17,FALSE) -> -0.0002 | AI60: =VLOOKUP($A60,R_scores!$A:$T,18,FALSE) -> 0 | AJ60: =VLOOKUP($A60,R_scores!$A:$T,19,FALSE) -> 0.3467 | AK60: =VLOOKUP($A60,R_scores!$A:$T,20,FALSE) -> 0.6657 | AL60: =VLOOKUP($A60,DW_avgs_500ns!$A:$HH,COLUMN(C60),FALSE) -> 0 | AM60: =VLOOKUP($A60,DW_avgs_500ns!$A:$HH,COLUMN(D60),FALSE) -> 0 | AN60: =VLOOKUP($A60,DW_avgs_500ns!$A:$HH,COLUMN(E60),FALSE) -> 0 | AO60: =VLOOKUP($A60,DW_avgs_500ns!$A:$HH,COLUMN(F60),FALSE) -> 0 | AP60: =VLOOKUP($A60,DW_avgs_500ns!$A:$HH,COLUMN(G60),FALSE) -> 0 | AQ60: =VLOOKUP($A60,DW_avgs_500ns!$A:$HH,COLUMN(H60),FALSE) -> 0 | AR60: =VLOOKUP($A60,DW_avgs_500ns!$A:$HH,COLUMN(I60),FALSE) -> 0 | AS60: =VLOOKUP($A60,DW_avgs_500ns!$A:$HH,COLUMN(J60),FALSE) -> 0 | ... IQ60: =VLOOKUP($A60,DW_avgs_500ns!$A:$HH,COLUMN(HH60),FALSE) -> 0 | IR60: =VLOOKUP(A60,pkt_vol!A:H,COLUMN(C60),FALSE) -> 883.3971565990055 | IS60: =VLOOKUP($A60,pkt_vol!A:H,COLUMN(D60),FALSE) -> 90.40199410247867 | IT60: =VLOOKUP($A60,pkt_vol!A:H,COLUMN(G60),FALSE) -> 0.18121790168745414 | IU60: =VLOOKUP($A60,lig_contacts!$A:$U,COLUMN(B60),FALSE) -> 13.332681177141923 | IV60: =VLOOKUP($A60,lig_contacts!$A:$U,COLUMN(C60),FALSE) -> 1.1505747680620055 | IW60: =VLOOKUP($A60,lig_contacts!$A:$U,COLUMN(D60),FALSE) -> 1 | IX60: =VLOOKUP($A60,lig_contacts!$A:$U,COLUMN(E60),FALSE) -> 4.990543735224587 | IY60: =VLOOKUP($A60,lig_contacts!$A:$U,COLUMN(F60),FALSE) -> 0.8986690281272132 | IZ60: =VLOOKUP($A60,lig_contacts!$A:$U,COLUMN(G60),FALSE) -> 1 | JA60: =VLOOKUP($A60,lig_contacts!$A:$U,COLUMN(H60),FALSE) -> 2.707100350533953 | JB60: =VLOOKUP($A60,lig_contacts!$A:$U,COLUMN(I60),FALSE) -> 0.6575936503191947 | ... JN60: =VLOOKUP($A60,lig_contacts!$A:$U,COLUMN(U60),FALSE) -> 0.038493768 | JO60: 1.434 | JP60: 1.612 | JQ60: 0.7779999999999999 | JR60: 1.069
A61: pair_1939_nb | B61: 1939 | C61: nonbinder | D61: =IF(C61="Binder", 1,0) -> 0 | F61: MASELTPEERSELKNSIAEFHTYQLDPGSCSSLHAQRIHAPPELVWSIVRRFDKPQTYAHFIKSCSVEQNFEMRVGCTRDLIVISGLPANTATVRLDILDDERRVTGASVIGGEHRLTNFKWVTTVHRFEKENRIWTVVLQSYVVDMPEGNSEDDTRMYVDTFVKLALQKLATVAEAMARN | G61: 0.3149 | H61: 0.0544 | I61: 0.4036 | J61: 0.0847 | K61: 0.7372 | L61: 0.1608 | M61: 0.5361 | N61: 0.1132 | O61: 7.1773 | P61: 1.3148 | Q61: 91.69 | R61: 1.14 | S61: 7.17 | T61: =VLOOKUP(A61,R_scores!A:T,3,FALSE) -> 0.1341 | U61: =VLOOKUP($A61,R_scores!$A:$T,4,FALSE) -> 0.1335 | V61: =VLOOKUP($A61,R_scores!$A:$T,5,FALSE) -> 0.0585 | W61: =VLOOKUP($A61,R_scores!$A:$T,6,FALSE) -> 0.1608 | X61: =VLOOKUP($A61,R_scores!$A:$T,7,FALSE) -> 0.0612 | Y61: =VLOOKUP($A61,R_scores!$A:$T,8,FALSE) -> -0.0139 | Z61: =VLOOKUP($A61,R_scores!$A:$T,9,FALSE) -> 0.1889 | AA61: =VLOOKUP($A61,R_scores!$A:$T,10,FALSE) -> 0.0417 | AB61: =VLOOKUP($A61,R_scores!$A:$T,11,FALSE) -> -0.0481 | AC61: =VLOOKUP($A61,R_scores!$A:$T,12,FALSE) -> -0.2692 | AD61: =VLOOKUP($A61,R_scores!$A:$T,13,FALSE) -> -0.0392 | AE61: =VLOOKUP($A61,R_scores!$A:$T,14,FALSE) -> 0.0289 | AF61: =VLOOKUP($A61,R_scores!$A:$T,15,FALSE) -> 0.4272 | AG61: =VLOOKUP($A61,R_scores!$A:$T,16,FALSE) -> 0.2429 | AH61: =VLOOKUP($A61,R_scores!$A:$T,17,FALSE) -> -0.0008 | AI61: =VLOOKUP($A61,R_scores!$A:$T,18,FALSE) -> 0.0052 | AJ61: =VLOOKUP($A61,R_scores!$A:$T,19,FALSE) -> 0.4901 | AK61: =VLOOKUP($A61,R_scores!$A:$T,20,FALSE) -> 0.3845 | AL61: =VLOOKUP($A61,DW_avgs_500ns!$A:$HH,COLUMN(C61),FALSE) -> 0 | AM61: =VLOOKUP($A61,DW_avgs_500ns!$A:$HH,COLUMN(D61),FALSE) -> 0 | AN61: =VLOOKUP($A61,DW_avgs_500ns!$A:$HH,COLUMN(E61),FALSE) -> 0 | AO61: =VLOOKUP($A61,DW_avgs_500ns!$A:$HH,COLUMN(F61),FALSE) -> 0 | AP61: =VLOOKUP($A61,DW_avgs_500ns!$A:$HH,COLUMN(G61),FALSE) -> 0 | AQ61: =VLOOKUP($A61,DW_avgs_500ns!$A:$HH,COLUMN(H61),FALSE) -> 0 | AR61: =VLOOKUP($A61,DW_avgs_500ns!$A:$HH,COLUMN(I61),FALSE) -> 0 | AS61: =VLOOKUP($A61,DW_avgs_500ns!$A:$HH,COLUMN(J61),FALSE) -> 0.0033 | ... IQ61: =VLOOKUP($A61,DW_avgs_500ns!$A:$HH,COLUMN(HH61),FALSE) -> 0 | IR61: =VLOOKUP(A61,pkt_vol!A:H,COLUMN(C61),FALSE) -> 1043.696378087552 | IS61: =VLOOKUP($A61,pkt_vol!A:H,COLUMN(D61),FALSE) -> 100.70805825756528 | IT61: =VLOOKUP($A61,pkt_vol!A:H,COLUMN(G61),FALSE) -> 0.01198337 | IU61: =VLOOKUP($A61,lig_contacts!$A:$U,COLUMN(B61),FALSE) -> 14.304883019483166 | IV61: =VLOOKUP($A61,lig_contacts!$A:$U,COLUMN(C61),FALSE) -> 1.672933620061836 | IW61: =VLOOKUP($A61,lig_contacts!$A:$U,COLUMN(D61),FALSE) -> 1 | IX61: =VLOOKUP($A61,lig_contacts!$A:$U,COLUMN(E61),FALSE) -> 3.0789924186842748 | IY61: =VLOOKUP($A61,lig_contacts!$A:$U,COLUMN(F61),FALSE) -> 0.5546998147010311 | IZ61: =VLOOKUP($A61,lig_contacts!$A:$U,COLUMN(G61),FALSE) -> 0.99991848 | JA61: =VLOOKUP($A61,lig_contacts!$A:$U,COLUMN(H61),FALSE) -> 0.4622157006603081 | JB61: =VLOOKUP($A61,lig_contacts!$A:$U,COLUMN(I61),FALSE) -> 0.5463170282593327 | ... JN61: =VLOOKUP($A61,lig_contacts!$A:$U,COLUMN(U61),FALSE) -> 0.043616792 | JO61: 2.142 | JP61: 2.218 | JQ61: 0.756 | JR61: 0.8019999999999999
A62: pair_0822_nb | B62: 0822 | C62: nonbinder | D62: =IF(C62="Binder", 1,0) -> 0 | F62: MASELTPEERSELKNSIAEFHTYQLDPGSCSSLHAQRIHAPPELVWSIVRRFDKPQTYVHFIKSCSVEQNFEMRVGCTRDDIAISGLPANTATVRLDILDDERRVTGASVIGGEHRVTNLKWVTTVHRFEKENRIWTVVLQSYVVDMPEGNSEDDTRMIMDTFFKLTLQKLATVAEAMARN | G62: 0.4191 | H62: 0.0794 | I62: 0.3358 | J62: 0.0769 | K62: 0.6227 | L62: 0.1413 | M62: 0.5275 | N62: 0.1356 | O62: 9.4535 | P62: 1.0445 | Q62: 60.49 | R62: 6.03 | S62: 33.48 | T62: =VLOOKUP(A62,R_scores!A:T,3,FALSE) -> 0.5004 | U62: =VLOOKUP($A62,R_scores!$A:$T,4,FALSE) -> 0.5967 | V62: =VLOOKUP($A62,R_scores!$A:$T,5,FALSE) -> 0.0227 | W62: =VLOOKUP($A62,R_scores!$A:$T,6,FALSE) -> 0.2644 | X62: =VLOOKUP($A62,R_scores!$A:$T,7,FALSE) -> 0.4202 | Y62: =VLOOKUP($A62,R_scores!$A:$T,8,FALSE) -> 0.2591 | Z62: =VLOOKUP($A62,R_scores!$A:$T,9,FALSE) -> 0.6994 | AA62: =VLOOKUP($A62,R_scores!$A:$T,10,FALSE) -> 0.049 | AB62: =VLOOKUP($A62,R_scores!$A:$T,11,FALSE) -> 0.3664 | AC62: =VLOOKUP($A62,R_scores!$A:$T,12,FALSE) -> 0.1743 | AD62: =VLOOKUP($A62,R_scores!$A:$T,13,FALSE) -> -0.0684 | AE62: =VLOOKUP($A62,R_scores!$A:$T,14,FALSE) -> -0.0265 | AF62: =VLOOKUP($A62,R_scores!$A:$T,15,FALSE) -> 0.2877 | AG62: =VLOOKUP($A62,R_scores!$A:$T,16,FALSE) -> 0.6687 | AH62: =VLOOKUP($A62,R_scores!$A:$T,17,FALSE) -> -0.0075 | AI62: =VLOOKUP($A62,R_scores!$A:$T,18,FALSE) -> 0.0143 | AJ62: =VLOOKUP($A62,R_scores!$A:$T,19,FALSE) -> 0.4938 | AK62: =VLOOKUP($A62,R_scores!$A:$T,20,FALSE) -> 0.5692 | AL62: =VLOOKUP($A62,DW_avgs_500ns!$A:$HH,COLUMN(C62),FALSE) -> 0 | AM62: =VLOOKUP($A62,DW_avgs_500ns!$A:$HH,COLUMN(D62),FALSE) -> 0 | AN62: =VLOOKUP($A62,DW_avgs_500ns!$A:$HH,COLUMN(E62),FALSE) -> 0 | AO62: =VLOOKUP($A62,DW_avgs_500ns!$A:$HH,COLUMN(F62),FALSE) -> 0 | AP62: =VLOOKUP($A62,DW_avgs_500ns!$A:$HH,COLUMN(G62),FALSE) -> 0 | AQ62: =VLOOKUP($A62,DW_avgs_500ns!$A:$HH,COLUMN(H62),FALSE) -> 0 | AR62: =VLOOKUP($A62,DW_avgs_500ns!$A:$HH,COLUMN(I62),FALSE) -> 0 | AS62: =VLOOKUP($A62,DW_avgs_500ns!$A:$HH,COLUMN(J62),FALSE) -> 0 | ... IQ62: =VLOOKUP($A62,DW_avgs_500ns!$A:$HH,COLUMN(HH62),FALSE) -> 0 | IR62: =VLOOKUP(A62,pkt_vol!A:H,COLUMN(C62),FALSE) -> 840.9394505584088 | IS62: =VLOOKUP($A62,pkt_vol!A:H,COLUMN(D62),FALSE) -> 101.21988029834864 | IT62: =VLOOKUP($A62,pkt_vol!A:H,COLUMN(G62),FALSE) -> 0.2958343523273824 | IU62: =VLOOKUP($A62,lig_contacts!$A:$U,COLUMN(B62),FALSE) -> 15.87772071411103 | IV62: =VLOOKUP($A62,lig_contacts!$A:$U,COLUMN(C62),FALSE) -> 1.179032777589614 | IW62: =VLOOKUP($A62,lig_contacts!$A:$U,COLUMN(D62),FALSE) -> 1 | IX62: =VLOOKUP($A62,lig_contacts!$A:$U,COLUMN(E62),FALSE) -> 1.468411184478683 | IY62: =VLOOKUP($A62,lig_contacts!$A:$U,COLUMN(F62),FALSE) -> 0.6065126648455409 | IZ62: =VLOOKUP($A62,lig_contacts!$A:$U,COLUMN(G62),FALSE) -> 0.9893209423656966 | JA62: =VLOOKUP($A62,lig_contacts!$A:$U,COLUMN(H62),FALSE) -> 2.217820167930219 | JB62: =VLOOKUP($A62,lig_contacts!$A:$U,COLUMN(I62),FALSE) -> 0.6345905652955409 | ... JN62: =VLOOKUP($A62,lig_contacts!$A:$U,COLUMN(U62),FALSE) -> 0.039335463 | JO62: 3.7230000000000003 | JP62: 0.6940000000000001 | JQ62: 0.876 | JR62: 1.535
A63: pair_0865_nb | B63: 0865 | C63: nonbinder | D63: =IF(C63="Binder", 1,0) -> 0 | F63: MASELTPEERSELKNSIAEFHTYQLDPGSCSSLHAQRIHAPPELVWSIVRRFDKPQTYVHFIKSCSVEQNFEMRVGCTRDLIAISGLPANTGTVRLDILDDERRVTGQSLIGGEHRLTNYKWVTTVHRFEKENRIWTVVLQSYVVDMPEGNSEDDTRMYVDTLIKLALQKLATVAEAMARN | G63: 0.6667 | H63: 0.1584 | I63: 0.4396 | J63: 0.1452 | K63: 0.7144 | L63: 0.104 | M63: 0.3974 | N63: 0.0929 | O63: 10.914 | P63: 1.767 | Q63: 26.99 | R63: 33.48 | S63: 39.53 | T63: =VLOOKUP(A63,R_scores!A:T,3,FALSE) -> -0.3561 | U63: =VLOOKUP($A63,R_scores!$A:$T,4,FALSE) -> 0.3321 | V63: =VLOOKUP($A63,R_scores!$A:$T,5,FALSE) -> 0.3115 | W63: =VLOOKUP($A63,R_scores!$A:$T,6,FALSE) -> 0.2422 | X63: =VLOOKUP($A63,R_scores!$A:$T,7,FALSE) -> 0.0969 | Y63: =VLOOKUP($A63,R_scores!$A:$T,8,FALSE) -> -0.1574 | Z63: =VLOOKUP($A63,R_scores!$A:$T,9,FALSE) -> 0.1907 | AA63: =VLOOKUP($A63,R_scores!$A:$T,10,FALSE) -> 0.0064 | AB63: =VLOOKUP($A63,R_scores!$A:$T,11,FALSE) -> 0.118 | AC63: =VLOOKUP($A63,R_scores!$A:$T,12,FALSE) -> 0.3819 | AD63: =VLOOKUP($A63,R_scores!$A:$T,13,FALSE) -> -0.0798 | AE63: =VLOOKUP($A63,R_scores!$A:$T,14,FALSE) -> 0.0472 | AF63: =VLOOKUP($A63,R_scores!$A:$T,15,FALSE) -> 0.6019 | AG63: =VLOOKUP($A63,R_scores!$A:$T,16,FALSE) -> 0.2427 | AH63: =VLOOKUP($A63,R_scores!$A:$T,17,FALSE) -> -0.2326 | AI63: =VLOOKUP($A63,R_scores!$A:$T,18,FALSE) -> 0.0004 | AJ63: =VLOOKUP($A63,R_scores!$A:$T,19,FALSE) -> 0.5094 | AK63: =VLOOKUP($A63,R_scores!$A:$T,20,FALSE) -> 0.2369 | AL63: =VLOOKUP($A63,DW_avgs_500ns!$A:$HH,COLUMN(C63),FALSE) -> 0 | AM63: =VLOOKUP($A63,DW_avgs_500ns!$A:$HH,COLUMN(D63),FALSE) -> 0 | AN63: =VLOOKUP($A63,DW_avgs_500ns!$A:$HH,COLUMN(E63),FALSE) -> 0 | AO63: =VLOOKUP($A63,DW_avgs_500ns!$A:$HH,COLUMN(F63),FALSE) -> 0 | AP63: =VLOOKUP($A63,DW_avgs_500ns!$A:$HH,COLUMN(G63),FALSE) -> 0 | AQ63: =VLOOKUP($A63,DW_avgs_500ns!$A:$HH,COLUMN(H63),FALSE) -> 0 | AR63: =VLOOKUP($A63,DW_avgs_500ns!$A:$HH,COLUMN(I63),FALSE) -> 0 | AS63: =VLOOKUP($A63,DW_avgs_500ns!$A:$HH,COLUMN(J63),FALSE) -> 0 | ... IQ63: =VLOOKUP($A63,DW_avgs_500ns!$A:$HH,COLUMN(HH63),FALSE) -> 0 | IR63: =VLOOKUP(A63,pkt_vol!A:H,COLUMN(C63),FALSE) -> 911.6474769707345 | IS63: =VLOOKUP($A63,pkt_vol!A:H,COLUMN(D63),FALSE) -> 106.08003270771061 | IT63: =VLOOKUP($A63,pkt_vol!A:H,COLUMN(G63),FALSE) -> 0.11706203635770768 | IU63: =VLOOKUP($A63,lig_contacts!$A:$U,COLUMN(B63),FALSE) -> 12.678323958588082 | IV63: =VLOOKUP($A63,lig_contacts!$A:$U,COLUMN(C63),FALSE) -> 1.5796730507107504 | IW63: =VLOOKUP($A63,lig_contacts!$A:$U,COLUMN(D63),FALSE) -> 1 | IX63: =VLOOKUP($A63,lig_contacts!$A:$U,COLUMN(E63),FALSE) -> 3.862232004565093 | IY63: =VLOOKUP($A63,lig_contacts!$A:$U,COLUMN(F63),FALSE) -> 0.9694599629954956 | IZ63: =VLOOKUP($A63,lig_contacts!$A:$U,COLUMN(G63),FALSE) -> 1 | JA63: =VLOOKUP($A63,lig_contacts!$A:$U,COLUMN(H63),FALSE) -> 2.424635200130431 | JB63: =VLOOKUP($A63,lig_contacts!$A:$U,COLUMN(I63),FALSE) -> 0.5418098738412876 | ... JN63: =VLOOKUP($A63,lig_contacts!$A:$U,COLUMN(U63),FALSE) -> 0.04430074 | JO63: 1.328 | JP63: 1.6139999999999999 | JQ63: 0.902 | JR63: 1.826
A64: pair_0867_nb | B64: 0867 | C64: nonbinder | D64: =IF(C64="Binder", 1,0) -> 0 | F64: MASELTPEERSELKNSIAEFHTYQLDPGSCSSLHAQRIHAPPELVWSIVRRFDKPQTYVHFIKSCSVEQNFEMRVGCTRDLIAISGLPANTGTVRLDILDDERRVTGQSVIGGEHRLTNFKWVTTVHRFEKENRIWTVVLRSYVVDMPEGNSEDDTRMFVDTLFKLALQKLATVAEAMARN | G64: 0.8036 | H64: 0.1032 | I64: 0.3628 | J64: 0.0945 | K64: 0.7455 | L64: 0.095 | M64: 0.5048 | N64: 0.1266 | O64: 10.8784 | P64: 2.1663 | Q64: 37.21 | R64: 40.72 | S64: 22.07 | T64: =VLOOKUP(A64,R_scores!A:T,3,FALSE) -> 0.5971 | U64: =VLOOKUP($A64,R_scores!$A:$T,4,FALSE) -> 0.2835 | V64: =VLOOKUP($A64,R_scores!$A:$T,5,FALSE) -> 0.1531 | W64: =VLOOKUP($A64,R_scores!$A:$T,6,FALSE) -> 0.2355 | X64: =VLOOKUP($A64,R_scores!$A:$T,7,FALSE) -> 0.1726 | Y64: =VLOOKUP($A64,R_scores!$A:$T,8,FALSE) -> 0.0262 | Z64: =VLOOKUP($A64,R_scores!$A:$T,9,FALSE) -> 0.2491 | AA64: =VLOOKUP($A64,R_scores!$A:$T,10,FALSE) -> 0.0531 | AB64: =VLOOKUP($A64,R_scores!$A:$T,11,FALSE) -> 0.1972 | AC64: =VLOOKUP($A64,R_scores!$A:$T,12,FALSE) -> 0.367 | AD64: =VLOOKUP($A64,R_scores!$A:$T,13,FALSE) -> -0.0687 | AE64: =VLOOKUP($A64,R_scores!$A:$T,14,FALSE) -> 0.0741 | AF64: =VLOOKUP($A64,R_scores!$A:$T,15,FALSE) -> 0.6133 | AG64: =VLOOKUP($A64,R_scores!$A:$T,16,FALSE) -> 0.5977 | AH64: =VLOOKUP($A64,R_scores!$A:$T,17,FALSE) -> 0.0347 | AI64: =VLOOKUP($A64,R_scores!$A:$T,18,FALSE) -> 0.025 | AJ64: =VLOOKUP($A64,R_scores!$A:$T,19,FALSE) -> 0.6458 | AK64: =VLOOKUP($A64,R_scores!$A:$T,20,FALSE) -> 0.5325 | AL64: =VLOOKUP($A64,DW_avgs_500ns!$A:$HH,COLUMN(C64),FALSE) -> 0 | AM64: =VLOOKUP($A64,DW_avgs_500ns!$A:$HH,COLUMN(D64),FALSE) -> 0 | AN64: =VLOOKUP($A64,DW_avgs_500ns!$A:$HH,COLUMN(E64),FALSE) -> 0 | AO64: =VLOOKUP($A64,DW_avgs_500ns!$A:$HH,COLUMN(F64),FALSE) -> 0 | AP64: =VLOOKUP($A64,DW_avgs_500ns!$A:$HH,COLUMN(G64),FALSE) -> 0 | AQ64: =VLOOKUP($A64,DW_avgs_500ns!$A:$HH,COLUMN(H64),FALSE) -> 0 | AR64: =VLOOKUP($A64,DW_avgs_500ns!$A:$HH,COLUMN(I64),FALSE) -> 0 | AS64: =VLOOKUP($A64,DW_avgs_500ns!$A:$HH,COLUMN(J64),FALSE) -> 0 | ... IQ64: =VLOOKUP($A64,DW_avgs_500ns!$A:$HH,COLUMN(HH64),FALSE) -> 0 | IR64: =VLOOKUP(A64,pkt_vol!A:H,COLUMN(C64),FALSE) -> 835.4784005869407 | IS64: =VLOOKUP($A64,pkt_vol!A:H,COLUMN(D64),FALSE) -> 113.99616074570537 | IT64: =VLOOKUP($A64,pkt_vol!A:H,COLUMN(G64),FALSE) -> 0.3260780957039211 | IU64: =VLOOKUP($A64,lig_contacts!$A:$U,COLUMN(B64),FALSE) -> 13.93551805657455 | IV64: =VLOOKUP($A64,lig_contacts!$A:$U,COLUMN(C64),FALSE) -> 1.976424074478305 | IW64: =VLOOKUP($A64,lig_contacts!$A:$U,COLUMN(D64),FALSE) -> 1 | IX64: =VLOOKUP($A64,lig_contacts!$A:$U,COLUMN(E64),FALSE) -> 1.7369364962908616 | IY64: =VLOOKUP($A64,lig_contacts!$A:$U,COLUMN(F64),FALSE) -> 0.8711799105697432 | IZ64: =VLOOKUP($A64,lig_contacts!$A:$U,COLUMN(G64),FALSE) -> 0.99991848 | JA64: =VLOOKUP($A64,lig_contacts!$A:$U,COLUMN(H64),FALSE) -> 2.4390641558653297 | JB64: =VLOOKUP($A64,lig_contacts!$A:$U,COLUMN(I64),FALSE) -> 0.5665321763287529 | ... JN64: =VLOOKUP($A64,lig_contacts!$A:$U,COLUMN(U64),FALSE) -> 0.045091217 | JO64: 1.151 | JP64: 1.047 | JQ64: 0.688 | JR64: 1.5959999999999999
A65: pair_1860_nb | B65: 1860 | C65: nonbinder | D65: =IF(C65="Binder", 1,0) -> 0 | F65: MASELTPEERSELKNSIAEFHTYQLDPGSCSSLHAQRIHAPPELVWSIVRRFDKPQTYAHFIKSCSVEQNFEMRVGCTRDLIVISGLPANTATVRLDILDDERRVTGASVIGGEHRVTNFKWVTTVHRFEKENRIWTVVLQSYVVDMPEGNSEDDTRMYMDTLFKLALQKLATVAEAMARN | G65: 0.3707 | H65: 0.1319 | I65: 0.2332 | J65: 0.0263 | K65: 0.7601 | L65: 0.2097 | M65: 0.3799 | N65: 0.0601 | O65: 7.8685 | P65: 1.253 | Q65: 95.8 | R65: 0.79 | S65: 3.41 | T65: =VLOOKUP(A65,R_scores!A:T,3,FALSE) -> 0.1937 | U65: =VLOOKUP($A65,R_scores!$A:$T,4,FALSE) -> 0.0546 | V65: =VLOOKUP($A65,R_scores!$A:$T,5,FALSE) -> 0.2209 | W65: =VLOOKUP($A65,R_scores!$A:$T,6,FALSE) -> 0.3263 | X65: =VLOOKUP($A65,R_scores!$A:$T,7,FALSE) -> 0.0315 | Y65: =VLOOKUP($A65,R_scores!$A:$T,8,FALSE) -> -0.3157 | Z65: =VLOOKUP($A65,R_scores!$A:$T,9,FALSE) -> 0.3564 | AA65: =VLOOKUP($A65,R_scores!$A:$T,10,FALSE) -> 0.0022 | AB65: =VLOOKUP($A65,R_scores!$A:$T,11,FALSE) -> 0.0014 | AC65: =VLOOKUP($A65,R_scores!$A:$T,12,FALSE) -> -0.3037 | AD65: =VLOOKUP($A65,R_scores!$A:$T,13,FALSE) -> -0.3884 | AE65: =VLOOKUP($A65,R_scores!$A:$T,14,FALSE) -> -0.0195 | AF65: =VLOOKUP($A65,R_scores!$A:$T,15,FALSE) -> 0.16 | AG65: =VLOOKUP($A65,R_scores!$A:$T,16,FALSE) -> 0.1987 | AH65: =VLOOKUP($A65,R_scores!$A:$T,17,FALSE) -> -0.1025 | AI65: =VLOOKUP($A65,R_scores!$A:$T,18,FALSE) -> 0.114 | AJ65: =VLOOKUP($A65,R_scores!$A:$T,19,FALSE) -> 0.4872 | AK65: =VLOOKUP($A65,R_scores!$A:$T,20,FALSE) -> 0.6933 | AL65: =VLOOKUP($A65,DW_avgs_500ns!$A:$HH,COLUMN(C65),FALSE) -> 0 | AM65: =VLOOKUP($A65,DW_avgs_500ns!$A:$HH,COLUMN(D65),FALSE) -> 0 | AN65: =VLOOKUP($A65,DW_avgs_500ns!$A:$HH,COLUMN(E65),FALSE) -> 0 | AO65: =VLOOKUP($A65,DW_avgs_500ns!$A:$HH,COLUMN(F65),FALSE) -> 0 | AP65: =VLOOKUP($A65,DW_avgs_500ns!$A:$HH,COLUMN(G65),FALSE) -> 0 | AQ65: =VLOOKUP($A65,DW_avgs_500ns!$A:$HH,COLUMN(H65),FALSE) -> 0 | AR65: =VLOOKUP($A65,DW_avgs_500ns!$A:$HH,COLUMN(I65),FALSE) -> 0 | AS65: =VLOOKUP($A65,DW_avgs_500ns!$A:$HH,COLUMN(J65),FALSE) -> 0 | ... IQ65: =VLOOKUP($A65,DW_avgs_500ns!$A:$HH,COLUMN(HH65),FALSE) -> 0 | IR65: =VLOOKUP(A65,pkt_vol!A:H,COLUMN(C65),FALSE) -> 996.5525156925085 | IS65: =VLOOKUP($A65,pkt_vol!A:H,COLUMN(D65),FALSE) -> 99.077028 | IT65: =VLOOKUP($A65,pkt_vol!A:H,COLUMN(G65),FALSE) -> 0.040026086247656315 | IU65: =VLOOKUP($A65,lig_contacts!$A:$U,COLUMN(B65),FALSE) -> 14.067172087715008 | IV65: =VLOOKUP($A65,lig_contacts!$A:$U,COLUMN(C65),FALSE) -> 1.5440767470275176 | IW65: =VLOOKUP($A65,lig_contacts!$A:$U,COLUMN(D65),FALSE) -> 1 | IX65: =VLOOKUP($A65,lig_contacts!$A:$U,COLUMN(E65),FALSE) -> 3.0855139805983534 | IY65: =VLOOKUP($A65,lig_contacts!$A:$U,COLUMN(F65),FALSE) -> 0.8215377379395017 | IZ65: =VLOOKUP($A65,lig_contacts!$A:$U,COLUMN(G65),FALSE) -> 0.99983696 | JA65: =VLOOKUP($A65,lig_contacts!$A:$U,COLUMN(H65),FALSE) -> 1.2657536479986955 | JB65: =VLOOKUP($A65,lig_contacts!$A:$U,COLUMN(I65),FALSE) -> 0.6614890102866007 | ... JN65: =VLOOKUP($A65,lig_contacts!$A:$U,COLUMN(U65),FALSE) -> 0.037378365 | JO65: 1.131 | JP65: 0.498 | JQ65: 0.888 | JR65: 1.1400000000000001
